3.400000000000000000e+01,4.800000000000000000e+01,1.500000000000000000e+01,1.400000000000000000e+01,0.000000000000000000e+00,7.500000000000000000e+00,7.000000000000000000e+00,0.000000000000000000e+00,2.000000000000000000e+00,2.200000000000000000e+01,1.400000000000000000e+01,1.000000000000000000e+01,3.368389999999999873e+03,3.374130000000000109e+03,3.385699999999999818e+03,1.409500000000000000e+04,1.419650000000000000e+04,1.422500000000000000e+04,1.566060000000000036e+04,1.579910000000000036e+04,1.576279999999999927e+04,1.571570000000000073e+04
7.300000000000000000e+01,3.400000000000000000e+01,4.800000000000000000e+01,4.900000000000000000e+01,1.400000000000000000e+01,0.000000000000000000e+00,1.400000000000000000e+01,7.000000000000000000e+00,0.000000000000000000e+00,3.400000000000000000e+01,2.200000000000000000e+01,1.400000000000000000e+01,3.378420000000000073e+03,3.368389999999999873e+03,3.374130000000000109e+03,1.412000000000000000e+04,1.409500000000000000e+04,1.419650000000000000e+04,1.571570000000000073e+04,1.566060000000000036e+04,1.579910000000000036e+04,1.588610000000000036e+04
1.380000000000000000e+02,7.300000000000000000e+01,3.400000000000000000e+01,3.200000000000000000e+01,4.900000000000000000e+01,1.400000000000000000e+01,0.000000000000000000e+00,1.400000000000000000e+01,7.000000000000000000e+00,7.400000000000000000e+01,3.400000000000000000e+01,2.200000000000000000e+01,3.392800000000000182e+03,3.378420000000000073e+03,3.368389999999999873e+03,1.419000000000000000e+04,1.412000000000000000e+04,1.409500000000000000e+04,1.588610000000000036e+04,1.571570000000000073e+04,1.566060000000000036e+04,1.605450000000000000e+04
2.050000000000000000e+02,1.380000000000000000e+02,7.300000000000000000e+01,1.650000000000000000e+01,3.200000000000000000e+01,4.900000000000000000e+01,3.000000000000000000e+00,0.000000000000000000e+00,1.400000000000000000e+01,6.050000000000000000e+01,7.400000000000000000e+01,3.400000000000000000e+01,3.387099999999999909e+03,3.392800000000000182e+03,3.378420000000000073e+03,1.424750000000000000e+04,1.419000000000000000e+04,1.412000000000000000e+04,1.605450000000000000e+04,1.588610000000000036e+04,1.571570000000000073e+04,1.617370000000000073e+04
2.860000000000000000e+02,2.050000000000000000e+02,1.380000000000000000e+02,2.600000000000000000e+01,1.650000000000000000e+01,3.200000000000000000e+01,1.800000000000000000e+01,3.000000000000000000e+00,0.000000000000000000e+00,2.000000000000000000e+02,6.050000000000000000e+01,7.400000000000000000e+01,3.379699999999999818e+03,3.387099999999999909e+03,3.392800000000000182e+03,1.428100000000000000e+04,1.424750000000000000e+04,1.419000000000000000e+04,1.617370000000000073e+04,1.605450000000000000e+04,1.588610000000000036e+04,1.615810000000000036e+04
2.861538461538461675e+01,2.860000000000000000e+02,2.050000000000000000e+02,4.153846153846154188e+00,2.600000000000000000e+01,1.650000000000000000e+01,9.230769230769231282e-01,1.800000000000000000e+01,3.000000000000000000e+00,2.084615384615384670e+01,2.000000000000000000e+02,6.050000000000000000e+01,3.366929999999999836e+03,3.379699999999999818e+03,3.387099999999999909e+03,1.429250000000000000e+04,1.428100000000000000e+04,1.424750000000000000e+04,1.615810000000000036e+04,1.617370000000000073e+04,1.605450000000000000e+04,1.605510000000000036e+04
3.313333333333333286e+01,2.861538461538461675e+01,2.860000000000000000e+02,3.399999999999999911e+00,4.153846153846154188e+00,2.600000000000000000e+01,1.333333333333333259e+00,9.230769230769231282e-01,1.800000000000000000e+01,1.913333333333333286e+01,2.084615384615384670e+01,2.000000000000000000e+02,3.376420000000000073e+03,3.366929999999999836e+03,3.379699999999999818e+03,1.436650000000000000e+04,1.429250000000000000e+04,1.428100000000000000e+04,1.605510000000000036e+04,1.615810000000000036e+04,1.617370000000000073e+04,1.621560000000000036e+04
5.950000000000000000e+02,3.313333333333333286e+01,2.861538461538461675e+01,5.600000000000000000e+01,3.399999999999999911e+00,4.153846153846154188e+00,9.000000000000000000e+00,1.333333333333333259e+00,9.230769230769231282e-01,3.510000000000000000e+02,1.913333333333333286e+01,2.084615384615384670e+01,3.385780000000000200e+03,3.376420000000000073e+03,3.366929999999999836e+03,1.461000000000000000e+04,1.436650000000000000e+04,1.429250000000000000e+04,1.621560000000000036e+04,1.605510000000000036e+04,1.615810000000000036e+04,1.630979999999999927e+04
4.400000000000000000e+01,5.950000000000000000e+02,3.313333333333333286e+01,1.619047619047619069e+00,5.600000000000000000e+01,3.399999999999999911e+00,9.047619047619047450e+00,9.000000000000000000e+00,1.333333333333333259e+00,3.919047619047618980e+01,3.510000000000000000e+02,1.913333333333333286e+01,3.427989999999999782e+03,3.385780000000000200e+03,3.376420000000000073e+03,1.472500000000000000e+04,1.461000000000000000e+04,1.436650000000000000e+04,1.630979999999999927e+04,1.621560000000000036e+04,1.605510000000000036e+04,1.661729999999999927e+04
7.117647058823528994e+01,4.400000000000000000e+01,5.950000000000000000e+02,5.882352941176470784e-01,1.619047619047619069e+00,5.600000000000000000e+01,7.352941176470587870e+00,9.047619047619047450e+00,9.000000000000000000e+00,5.217647058823529704e+01,3.919047619047618980e+01,3.510000000000000000e+02,3.455769999999999982e+03,3.427989999999999782e+03,3.385780000000000200e+03,1.494000000000000000e+04,1.472500000000000000e+04,1.461000000000000000e+04,1.661729999999999927e+04,1.630979999999999927e+04,1.621560000000000036e+04,1.643790000000000146e+04
2.886842105263157876e+01,7.117647058823528994e+01,4.400000000000000000e+01,1.315789473684210453e-01,5.882352941176470784e-01,1.619047619047619069e+00,3.157894736842105310e+00,7.352941176470587870e+00,9.047619047619047450e+00,4.647368421052631504e+01,5.217647058823529704e+01,3.919047619047618980e+01,3.461530000000000200e+03,3.455769999999999982e+03,3.427989999999999782e+03,1.509750000000000000e+04,1.494000000000000000e+04,1.472500000000000000e+04,1.643790000000000146e+04,1.661729999999999927e+04,1.630979999999999927e+04,1.658329999999999927e+04
1.404000000000000000e+03,2.886842105263157876e+01,7.117647058823528994e+01,4.400000000000000000e+01,1.315789473684210453e-01,5.882352941176470784e-01,1.170000000000000000e+02,3.157894736842105310e+00,7.352941176470587870e+00,2.988000000000000000e+03,4.647368421052631504e+01,5.217647058823529704e+01,3.472329999999999927e+03,3.461530000000000200e+03,3.455769999999999982e+03,1.528750000000000000e+04,1.509750000000000000e+04,1.494000000000000000e+04,1.658329999999999927e+04,1.643790000000000146e+04,1.661729999999999927e+04,1.693890000000000146e+04
3.383636363636363598e+01,1.404000000000000000e+03,2.886842105263157876e+01,1.399999999999999911e+00,4.400000000000000000e+01,1.315789473684210453e-01,2.000000000000000000e+00,1.170000000000000000e+02,3.157894736842105310e+00,8.790909090909090651e+01,2.988000000000000000e+03,4.647368421052631504e+01,3.593679999999999836e+03,3.472329999999999927e+03,3.461530000000000200e+03,1.592500000000000000e+04,1.528750000000000000e+04,1.509750000000000000e+04,1.693890000000000146e+04,1.658329999999999927e+04,1.643790000000000146e+04,1.693859999999999854e+04
2.435937500000000000e+01,3.383636363636363598e+01,1.404000000000000000e+03,6.718750000000000000e-01,1.399999999999999911e+00,4.400000000000000000e+01,1.921875000000000000e+00,2.000000000000000000e+00,1.170000000000000000e+02,1.321718750000000000e+02,8.790909090909090651e+01,2.988000000000000000e+03,3.593679999999999836e+03,3.593679999999999836e+03,3.472329999999999927e+03,1.597500000000000000e+04,1.592500000000000000e+04,1.528750000000000000e+04,1.693859999999999854e+04,1.693890000000000146e+04,1.658329999999999927e+04,1.773009999999999854e+04
5.904615384615384954e+01,2.435937500000000000e+01,3.383636363636363598e+01,5.999999999999999778e-01,6.718750000000000000e-01,1.399999999999999911e+00,3.261538461538461497e+00,1.921875000000000000e+00,2.000000000000000000e+00,1.728615384615384585e+02,1.321718750000000000e+02,8.790909090909090651e+01,3.711179999999999836e+03,3.593679999999999836e+03,3.593679999999999836e+03,1.647250000000000000e+04,1.597500000000000000e+04,1.592500000000000000e+04,1.773009999999999854e+04,1.693859999999999854e+04,1.693890000000000146e+04,1.767320000000000073e+04
2.818269230769230660e+01,5.904615384615384954e+01,2.435937500000000000e+01,7.211538461538461453e-01,5.999999999999999778e-01,6.718750000000000000e-01,1.653846153846153744e+00,3.261538461538461497e+00,1.921875000000000000e+00,1.342596153846153868e+02,1.728615384615384585e+02,1.321718750000000000e+02,3.693460000000000036e+03,3.711179999999999836e+03,3.593679999999999836e+03,1.620500000000000000e+04,1.647250000000000000e+04,1.597500000000000000e+04,1.767320000000000073e+04,1.773009999999999854e+04,1.693859999999999854e+04,1.767809999999999854e+04
3.807766990291262488e+01,2.818269230769230660e+01,5.904615384615384954e+01,9.320388349514563409e-01,7.211538461538461453e-01,5.999999999999999778e-01,2.281553398058252302e+00,1.653846153846153744e+00,3.261538461538461497e+00,1.630776699029126178e+02,1.342596153846153868e+02,1.728615384615384585e+02,3.714630000000000109e+03,3.693460000000000036e+03,3.711179999999999836e+03,1.606000000000000000e+04,1.620500000000000000e+04,1.647250000000000000e+04,1.767809999999999854e+04,1.767320000000000073e+04,1.773009999999999854e+04,1.788579999999999927e+04
1.999230769230769056e+01,3.807766990291262488e+01,2.818269230769230660e+01,1.330769230769230704e+00,9.320388349514563409e-01,7.211538461538461453e-01,1.153846153846153744e+00,2.281553398058252302e+00,1.653846153846153744e+00,1.412307692307692264e+02,1.630776699029126178e+02,1.342596153846153868e+02,3.703800000000000182e+03,3.714630000000000109e+03,3.693460000000000036e+03,1.615500000000000000e+04,1.606000000000000000e+04,1.620500000000000000e+04,1.788579999999999927e+04,1.767809999999999854e+04,1.767320000000000073e+04,1.782029999999999927e+04
3.392248062015504217e+01,1.999230769230769056e+01,3.807766990291262488e+01,6.744186046511627675e-01,1.330769230769230704e+00,9.320388349514563409e-01,1.209302325581395277e+00,1.153846153846153744e+00,2.281553398058252302e+00,1.674031007751937921e+02,1.412307692307692264e+02,1.630776699029126178e+02,3.770059999999999945e+03,3.703800000000000182e+03,3.714630000000000109e+03,1.630000000000000000e+04,1.615500000000000000e+04,1.606000000000000000e+04,1.782029999999999927e+04,1.788579999999999927e+04,1.767809999999999854e+04,1.793459999999999854e+04
6.647368421052631504e+01,3.392248062015504217e+01,1.999230769230769056e+01,0.000000000000000000e+00,6.744186046511627675e-01,1.330769230769230704e+00,1.228070175438596534e+00,1.209302325581395277e+00,1.153846153846153744e+00,2.192807017543859729e+02,1.674031007751937921e+02,1.412307692307692264e+02,3.771789999999999964e+03,3.770059999999999945e+03,3.703800000000000182e+03,1.632500000000000000e+04,1.630000000000000000e+04,1.615500000000000000e+04,1.793459999999999854e+04,1.782029999999999927e+04,1.788579999999999927e+04,1.782679999999999927e+04
3.262416107382550479e+01,6.647368421052631504e+01,3.392248062015504217e+01,1.510067114093959662e+00,0.000000000000000000e+00,6.744186046511627675e-01,9.530201342281878762e-01,1.228070175438596534e+00,1.209302325581395277e+00,1.818993288590604038e+02,2.192807017543859729e+02,1.674031007751937921e+02,3.750570000000000164e+03,3.771789999999999964e+03,3.770059999999999945e+03,1.647500000000000000e+04,1.632500000000000000e+04,1.630000000000000000e+04,1.782679999999999927e+04,1.793459999999999854e+04,1.782029999999999927e+04,1.769379999999999927e+04
1.872566371681416086e+01,3.262416107382550479e+01,6.647368421052631504e+01,3.884955752212389424e+00,1.510067114093959662e+00,0.000000000000000000e+00,1.840707964601769886e+00,9.530201342281878762e-01,1.228070175438596534e+00,2.550353982300885036e+02,1.818993288590604038e+02,2.192807017543859729e+02,3.766769999999999982e+03,3.750570000000000164e+03,3.771789999999999964e+03,1.642500000000000000e+04,1.647500000000000000e+04,1.632500000000000000e+04,1.769379999999999927e+04,1.782679999999999927e+04,1.793459999999999854e+04,1.767220000000000073e+04
1.034806629834254110e+01,1.872566371681416086e+01,3.262416107382550479e+01,2.116022099447513849e+00,3.884955752212389424e+00,1.510067114093959662e+00,9.889502762430939509e-01,1.840707964601769886e+00,9.530201342281878762e-01,1.403204419889502788e+02,2.550353982300885036e+02,1.818993288590604038e+02,3.754289999999999964e+03,3.766769999999999982e+03,3.750570000000000164e+03,1.641250000000000000e+04,1.642500000000000000e+04,1.647500000000000000e+04,1.767220000000000073e+04,1.769379999999999927e+04,1.782679999999999927e+04,1.755150000000000000e+04
1.794495412844036863e+01,1.034806629834254110e+01,1.872566371681416086e+01,1.155963302752293531e+00,2.116022099447513849e+00,3.884955752212389424e+00,6.009174311926605005e-01,9.889502762430939509e-01,1.840707964601769886e+00,1.401880733944954045e+02,1.403204419889502788e+02,2.550353982300885036e+02,3.722690000000000055e+03,3.754289999999999964e+03,3.766769999999999982e+03,1.617500000000000000e+04,1.641250000000000000e+04,1.642500000000000000e+04,1.755150000000000000e+04,1.767220000000000073e+04,1.769379999999999927e+04,1.754100000000000000e+04
1.529149797570850211e+01,1.794495412844036863e+01,1.034806629834254110e+01,1.421052631578947345e+00,1.155963302752293531e+00,2.116022099447513849e+00,6.882591093117408354e-01,6.009174311926605005e-01,9.889502762430939509e-01,1.239392712550607314e+02,1.401880733944954045e+02,1.403204419889502788e+02,3.701039999999999964e+03,3.722690000000000055e+03,3.754289999999999964e+03,1.616750000000000000e+04,1.617500000000000000e+04,1.641250000000000000e+04,1.754100000000000000e+04,1.755150000000000000e+04,1.767220000000000073e+04,1.716309999999999854e+04
1.780275229357798139e+01,1.529149797570850211e+01,1.794495412844036863e+01,2.344036697247706247e+00,1.421052631578947345e+00,1.155963302752293531e+00,7.155963302752293975e-01,6.882591093117408354e-01,6.009174311926605005e-01,1.528577981651376092e+02,1.239392712550607314e+02,1.401880733944954045e+02,3.644320000000000164e+03,3.701039999999999964e+03,3.722690000000000055e+03,1.582000000000000000e+04,1.616750000000000000e+04,1.617500000000000000e+04,1.716309999999999854e+04,1.754100000000000000e+04,1.755150000000000000e+04,1.702420000000000073e+04
4.042606516290726759e+00,1.780275229357798139e+01,1.529149797570850211e+01,1.270676691729323293e+00,2.344036697247706247e+00,1.421052631578947345e+00,3.834586466165413321e-01,7.155963302752293975e-01,6.882591093117408354e-01,6.922305764411026985e+01,1.528577981651376092e+02,1.239392712550607314e+02,3.610960000000000036e+03,3.644320000000000164e+03,3.701039999999999964e+03,1.563000000000000000e+04,1.582000000000000000e+04,1.616750000000000000e+04,1.702420000000000073e+04,1.716309999999999854e+04,1.754100000000000000e+04,1.704290000000000146e+04
8.458860759493671111e+00,4.042606516290726759e+00,1.780275229357798139e+01,1.234177215189873333e+00,1.270676691729323293e+00,2.344036697247706247e+00,4.240506329113923889e-01,3.834586466165413321e-01,7.155963302752293975e-01,7.918670886075949511e+01,6.922305764411026985e+01,1.528577981651376092e+02,3.604710000000000036e+03,3.610960000000000036e+03,3.644320000000000164e+03,1.563000000000000000e+04,1.563000000000000000e+04,1.582000000000000000e+04,1.704290000000000146e+04,1.702420000000000073e+04,1.716309999999999854e+04,1.689809999999999854e+04
1.949290780141843982e+01,8.458860759493671111e+00,4.042606516290726759e+00,1.613475177304964481e+00,1.234177215189873333e+00,1.270676691729323293e+00,6.028368794326240954e-01,4.240506329113923889e-01,3.834586466165413321e-01,9.546808510638297207e+01,7.918670886075949511e+01,6.922305764411026985e+01,3.582289999999999964e+03,3.604710000000000036e+03,3.610960000000000036e+03,1.554000000000000000e+04,1.563000000000000000e+04,1.563000000000000000e+04,1.689809999999999854e+04,1.704290000000000146e+04,1.702420000000000073e+04,1.690809999999999854e+04
8.865319865319865045e+00,1.949290780141843982e+01,8.458860759493671111e+00,1.622895622895622836e+00,1.613475177304964481e+00,1.234177215189873333e+00,2.861952861952861693e-01,6.028368794326240954e-01,4.240506329113923889e-01,1.015084175084175087e+02,9.546808510638297207e+01,7.918670886075949511e+01,3.565670000000000073e+03,3.582289999999999964e+03,3.604710000000000036e+03,1.564000000000000000e+04,1.554000000000000000e+04,1.563000000000000000e+04,1.690809999999999854e+04,1.689809999999999854e+04,1.704290000000000146e+04,1.666509999999999854e+04
6.950000000000000178e+00,8.865319865319865045e+00,1.949290780141843982e+01,1.539473684210526327e+00,1.622895622895622836e+00,1.613475177304964481e+00,2.894736842105263275e-01,2.861952861952861693e-01,6.028368794326240954e-01,8.333421052631578618e+01,1.015084175084175087e+02,9.546808510638297207e+01,3.518000000000000000e+03,3.565670000000000073e+03,3.582289999999999964e+03,1.540000000000000000e+04,1.564000000000000000e+04,1.554000000000000000e+04,1.666509999999999854e+04,1.690809999999999854e+04,1.689809999999999854e+04,1.671570000000000073e+04
2.400611620795106926e+00,6.950000000000000178e+00,8.865319865319865045e+00,1.192660550458715552e+00,1.539473684210526327e+00,1.622895622895622836e+00,2.568807339449541427e-01,2.894736842105263275e-01,2.861952861952861693e-01,7.523241590214067287e+01,8.333421052631578618e+01,1.015084175084175087e+02,3.512760000000000218e+03,3.518000000000000000e+03,3.565670000000000073e+03,1.541250000000000000e+04,1.540000000000000000e+04,1.564000000000000000e+04,1.671570000000000073e+04,1.666509999999999854e+04,1.690809999999999854e+04,1.670529999999999927e+04
1.108648648648648560e+01,2.400611620795106926e+00,6.950000000000000178e+00,1.983783783783783727e+00,1.192660550458715552e+00,1.539473684210526327e+00,1.945945945945946054e-01,2.568807339449541427e-01,2.894736842105263275e-01,1.517027027027027088e+02,7.523241590214067287e+01,8.333421052631578618e+01,3.510829999999999927e+03,3.512760000000000218e+03,3.518000000000000000e+03,1.545500000000000000e+04,1.541250000000000000e+04,1.540000000000000000e+04,1.670529999999999927e+04,1.671570000000000073e+04,1.666509999999999854e+04,1.668909999999999854e+04
7.112000000000000099e+00,1.108648648648648560e+01,2.400611620795106926e+00,1.008000000000000007e+00,1.983783783783783727e+00,1.192660550458715552e+00,1.519999999999999962e-01,1.945945945945946054e-01,2.568807339449541427e-01,9.943733333333332780e+01,1.517027027027027088e+02,7.523241590214067287e+01,3.516510000000000218e+03,3.510829999999999927e+03,3.512760000000000218e+03,1.545000000000000000e+04,1.545500000000000000e+04,1.541250000000000000e+04,1.668909999999999854e+04,1.670529999999999927e+04,1.671570000000000073e+04,1.656350000000000000e+04
6.455830388692579191e+00,7.112000000000000099e+00,1.108648648648648560e+01,9.752650176678445693e-01,1.008000000000000007e+00,1.983783783783783727e+00,1.766784452296819852e-01,1.519999999999999962e-01,1.945945945945946054e-01,6.214840989399293392e+01,9.943733333333332780e+01,1.517027027027027088e+02,3.528079999999999927e+03,3.516510000000000218e+03,3.510829999999999927e+03,1.540000000000000000e+04,1.545000000000000000e+04,1.545500000000000000e+04,1.656350000000000000e+04,1.668909999999999854e+04,1.670529999999999927e+04,1.652809999999999854e+04
4.630252100840336560e+00,6.455830388692579191e+00,7.112000000000000099e+00,1.310924369747899165e+00,9.752650176678445693e-01,1.008000000000000007e+00,1.988795518207282786e-01,1.766784452296819852e-01,1.519999999999999962e-01,7.435014005602241127e+01,6.214840989399293392e+01,9.943733333333332780e+01,3.524849999999999909e+03,3.528079999999999927e+03,3.516510000000000218e+03,1.540000000000000000e+04,1.540000000000000000e+04,1.545000000000000000e+04,1.652809999999999854e+04,1.656350000000000000e+04,1.668909999999999854e+04,1.662809999999999854e+04
1.676363636363636278e+00,4.630252100840336560e+00,6.455830388692579191e+00,7.381818181818181612e-01,1.310924369747899165e+00,9.752650176678445693e-01,1.381818181818181834e-01,1.988795518207282786e-01,1.766784452296819852e-01,9.766181818181817675e+01,7.435014005602241127e+01,6.214840989399293392e+01,3.527530000000000200e+03,3.524849999999999909e+03,3.528079999999999927e+03,1.538500000000000000e+04,1.540000000000000000e+04,1.540000000000000000e+04,1.662809999999999854e+04,1.652809999999999854e+04,1.656350000000000000e+04,1.662409999999999854e+04
5.584112149532709957e+00,1.676363636363636278e+00,4.630252100840336560e+00,8.925233644859813520e-01,7.381818181818181612e-01,1.310924369747899165e+00,1.869158878504672827e-01,1.381818181818181834e-01,1.988795518207282786e-01,1.053317757009345854e+02,9.766181818181817675e+01,7.435014005602241127e+01,3.520559999999999945e+03,3.527530000000000200e+03,3.524849999999999909e+03,1.539500000000000000e+04,1.538500000000000000e+04,1.540000000000000000e+04,1.662409999999999854e+04,1.662809999999999854e+04,1.652809999999999854e+04,1.657829999999999927e+04
2.566265060240963791e+00,5.584112149532709957e+00,1.676363636363636278e+00,6.650602409638554091e-01,8.925233644859813520e-01,7.381818181818181612e-01,7.469879518072289337e-02,1.869158878504672827e-01,1.381818181818181834e-01,5.814939759036144551e+01,1.053317757009345854e+02,9.766181818181817675e+01,3.514280000000000200e+03,3.520559999999999945e+03,3.527530000000000200e+03,1.529000000000000000e+04,1.539500000000000000e+04,1.538500000000000000e+04,1.657829999999999927e+04,1.662409999999999854e+04,1.662809999999999854e+04,1.610989999999999964e+04
6.180769230769231015e+00,2.566265060240963791e+00,5.584112149532709957e+00,9.076923076923076872e-01,6.650602409638554091e-01,8.925233644859813520e-01,3.615384615384615308e-01,7.469879518072289337e-02,1.869158878504672827e-01,1.050999999999999943e+02,5.814939759036144551e+01,1.053317757009345854e+02,3.436500000000000000e+03,3.514280000000000200e+03,3.520559999999999945e+03,1.485750000000000000e+04,1.529000000000000000e+04,1.539500000000000000e+04,1.610989999999999964e+04,1.657829999999999927e+04,1.662409999999999854e+04,1.628139999999999964e+04
8.825214899713467176e-01,6.180769230769231015e+00,2.566265060240963791e+00,6.246418338108882251e-01,9.076923076923076872e-01,6.650602409638554091e-01,3.495702005730659256e-01,3.615384615384615308e-01,7.469879518072289337e-02,7.155300859598854402e+01,1.050999999999999943e+02,5.814939759036144551e+01,3.419550000000000182e+03,3.436500000000000000e+03,3.514280000000000200e+03,1.496000000000000000e+04,1.485750000000000000e+04,1.529000000000000000e+04,1.628139999999999964e+04,1.610989999999999964e+04,1.657829999999999927e+04,1.632489999999999964e+04
1.458227848101265822e+00,8.825214899713467176e-01,6.180769230769231015e+00,4.405063291139240667e-01,6.246418338108882251e-01,9.076923076923076872e-01,1.392405063291139167e-01,3.495702005730659256e-01,3.615384615384615308e-01,5.719746835443037725e+01,7.155300859598854402e+01,1.050999999999999943e+02,3.485599999999999909e+03,3.419550000000000182e+03,3.436500000000000000e+03,1.503000000000000000e+04,1.496000000000000000e+04,1.485750000000000000e+04,1.632489999999999964e+04,1.628139999999999964e+04,1.610989999999999964e+04,1.622079999999999927e+04
2.280991735537190035e+00,1.458227848101265822e+00,8.825214899713467176e-01,2.541322314049586639e-01,4.405063291139240667e-01,6.246418338108882251e-01,6.198347107438016701e-02,1.392405063291139167e-01,3.495702005730659256e-01,4.925826446280991888e+01,5.719746835443037725e+01,7.155300859598854402e+01,3.478219999999999800e+03,3.485599999999999909e+03,3.419550000000000182e+03,1.502500000000000000e+04,1.503000000000000000e+04,1.496000000000000000e+04,1.622079999999999927e+04,1.632489999999999964e+04,1.628139999999999964e+04,1.613520000000000073e+04
1.860946745562130245e+00,2.280991735537190035e+00,1.458227848101265822e+00,2.485207100591715901e-01,2.541322314049586639e-01,4.405063291139240667e-01,1.153846153846153910e-01,6.198347107438016701e-02,1.392405063291139167e-01,8.393195266272189770e+01,4.925826446280991888e+01,5.719746835443037725e+01,3.439400000000000091e+03,3.478219999999999800e+03,3.485599999999999909e+03,1.490800000000000000e+04,1.502500000000000000e+04,1.503000000000000000e+04,1.613520000000000073e+04,1.622079999999999927e+04,1.632489999999999964e+04,1.608739999999999964e+04
5.400516795865633046e-01,1.860946745562130245e+00,2.280991735537190035e+00,1.317829457364341206e-01,2.485207100591715901e-01,2.541322314049586639e-01,1.731266149870800963e-01,1.153846153846153910e-01,6.198347107438016701e-02,5.234625322997415964e+01,8.393195266272189770e+01,4.925826446280991888e+01,3.434480000000000018e+03,3.439400000000000091e+03,3.478219999999999800e+03,1.488500000000000000e+04,1.490800000000000000e+04,1.502500000000000000e+04,1.608739999999999964e+04,1.613520000000000073e+04,1.622079999999999927e+04,1.606279999999999927e+04
1.957081545064377703e+00,5.400516795865633046e-01,1.860946745562130245e+00,3.261802575107295987e-01,1.317829457364341206e-01,2.485207100591715901e-01,3.004291845493562430e-01,1.731266149870800963e-01,1.153846153846153910e-01,7.775536480686695029e+01,5.234625322997415964e+01,8.393195266272189770e+01,3.413960000000000036e+03,3.434480000000000018e+03,3.439400000000000091e+03,1.490200000000000000e+04,1.488500000000000000e+04,1.490800000000000000e+04,1.606279999999999927e+04,1.608739999999999964e+04,1.613520000000000073e+04,1.607060000000000036e+04
1.462809917355371914e+00,1.957081545064377703e+00,5.400516795865633046e-01,3.099173553719008489e-01,3.261802575107295987e-01,1.317829457364341206e-01,3.305785123966942241e-02,3.004291845493562430e-01,1.731266149870800963e-01,4.555371900826446563e+01,7.775536480686695029e+01,5.234625322997415964e+01,3.423190000000000055e+03,3.413960000000000036e+03,3.434480000000000018e+03,1.485250000000000000e+04,1.490200000000000000e+04,1.488500000000000000e+04,1.607060000000000036e+04,1.606279999999999927e+04,1.608739999999999964e+04,1.603620000000000073e+04
7.358490566037735325e-01,1.462809917355371914e+00,1.957081545064377703e+00,7.982583454281567958e-02,3.099173553719008489e-01,3.261802575107295987e-01,5.370101596516690945e-02,3.305785123966942241e-02,3.004291845493562430e-01,3.016255442670536979e+01,4.555371900826446563e+01,7.775536480686695029e+01,3.424760000000000218e+03,3.423190000000000055e+03,3.413960000000000036e+03,1.486750000000000000e+04,1.485250000000000000e+04,1.490200000000000000e+04,1.603620000000000073e+04,1.607060000000000036e+04,1.606279999999999927e+04,1.603170000000000073e+04
1.095070422535211252e+00,7.358490566037735325e-01,1.462809917355371914e+00,2.007042253521126862e-01,7.982583454281567958e-02,3.099173553719008489e-01,7.042253521126760896e-02,5.370101596516690945e-02,3.305785123966942241e-02,4.778697183098591239e+01,3.016255442670536979e+01,4.555371900826446563e+01,3.413960000000000036e+03,3.424760000000000218e+03,3.423190000000000055e+03,1.485750000000000000e+04,1.486750000000000000e+04,1.485250000000000000e+04,1.603170000000000073e+04,1.603620000000000073e+04,1.607060000000000036e+04,1.603729999999999927e+04
2.453987730061349681e-01,1.095070422535211252e+00,7.358490566037735325e-01,4.089979550102249700e-02,2.007042253521126862e-01,7.982583454281567958e-02,4.498977505112474601e-02,7.042253521126760896e-02,5.370101596516690945e-02,3.859509202453988053e+01,4.778697183098591239e+01,3.016255442670536979e+01,3.396619999999999891e+03,3.413960000000000036e+03,3.424760000000000218e+03,1.483500000000000000e+04,1.485750000000000000e+04,1.486750000000000000e+04,1.603729999999999927e+04,1.603170000000000073e+04,1.603620000000000073e+04,1.611470000000000073e+04
9.919354838709677491e-01,2.453987730061349681e-01,1.095070422535211252e+00,1.209677419354838745e-01,4.089979550102249700e-02,2.007042253521126862e-01,9.475806451612903136e-02,4.498977505112474601e-02,7.042253521126760896e-02,4.403427419354838435e+01,3.859509202453988053e+01,4.778697183098591239e+01,3.392739999999999782e+03,3.396619999999999891e+03,3.413960000000000036e+03,1.475500000000000000e+04,1.483500000000000000e+04,1.485750000000000000e+04,1.611470000000000073e+04,1.603729999999999927e+04,1.603170000000000073e+04,1.608070000000000073e+04
1.078189300411522611e+00,9.919354838709677491e-01,2.453987730061349681e-01,4.115226337448559674e-02,1.209677419354838745e-01,4.089979550102249700e-02,7.613168724279835431e-02,9.475806451612903136e-02,4.498977505112474601e-02,4.109053497942387168e+01,4.403427419354838435e+01,3.859509202453988053e+01,3.375809999999999945e+03,3.392739999999999782e+03,3.396619999999999891e+03,1.470500000000000000e+04,1.475500000000000000e+04,1.483500000000000000e+04,1.608070000000000073e+04,1.611470000000000073e+04,1.603729999999999927e+04,1.602139999999999964e+04
7.473903966597077453e-01,1.078189300411522611e+00,9.919354838709677491e-01,8.768267223382046616e-02,4.115226337448559674e-02,1.209677419354838745e-01,3.590814196242171352e-01,7.613168724279835431e-02,9.475806451612903136e-02,3.979958246346555484e+01,4.109053497942387168e+01,4.403427419354838435e+01,3.375159999999999854e+03,3.375809999999999945e+03,3.392739999999999782e+03,1.472750000000000000e+04,1.470500000000000000e+04,1.475500000000000000e+04,1.602139999999999964e+04,1.608070000000000073e+04,1.611470000000000073e+04,1.608320000000000073e+04
6.650602409638554091e-01,7.473903966597077453e-01,1.078189300411522611e+00,6.746987951807228989e-02,8.768267223382046616e-02,4.115226337448559674e-02,4.506024096385541911e-01,3.590814196242171352e-01,7.613168724279835431e-02,4.556626506024096557e+01,3.979958246346555484e+01,4.109053497942387168e+01,3.373289999999999964e+03,3.375159999999999854e+03,3.375809999999999945e+03,1.470750000000000000e+04,1.472750000000000000e+04,1.470500000000000000e+04,1.608320000000000073e+04,1.602139999999999964e+04,1.608070000000000073e+04,1.617329999999999927e+04
2.784256559766764005e-01,6.650602409638554091e-01,7.473903966597077453e-01,0.000000000000000000e+00,6.746987951807228989e-02,8.768267223382046616e-02,2.186588921282798734e-02,4.506024096385541911e-01,3.590814196242171352e-01,2.729008746355685133e+01,4.556626506024096557e+01,3.979958246346555484e+01,3.375590000000000146e+03,3.373289999999999964e+03,3.375159999999999854e+03,1.471000000000000000e+04,1.470750000000000000e+04,1.472750000000000000e+04,1.617329999999999927e+04,1.608320000000000073e+04,1.602139999999999964e+04,1.618860000000000036e+04
4.839883551673945128e+00,2.784256559766764005e-01,6.650602409638554091e-01,9.898107714701601112e-02,0.000000000000000000e+00,6.746987951807228989e-02,1.455604075691411918e-02,2.186588921282798734e-02,4.506024096385541911e-01,3.175691411935953568e+01,2.729008746355685133e+01,4.556626506024096557e+01,3.356900000000000091e+03,3.375590000000000146e+03,3.373289999999999964e+03,1.460750000000000000e+04,1.471000000000000000e+04,1.470750000000000000e+04,1.618860000000000036e+04,1.617329999999999927e+04,1.608320000000000073e+04,1.603379999999999927e+04
7.237687366167023795e-01,4.839883551673945128e+00,2.784256559766764005e-01,9.850107066381155740e-02,9.898107714701601112e-02,0.000000000000000000e+00,8.137044967880086022e-02,1.455604075691411918e-02,2.186588921282798734e-02,4.515203426124197250e+01,3.175691411935953568e+01,2.729008746355685133e+01,3.353900000000000091e+03,3.356900000000000091e+03,3.375590000000000146e+03,1.441500000000000000e+04,1.460750000000000000e+04,1.471000000000000000e+04,1.603379999999999927e+04,1.618860000000000036e+04,1.617329999999999927e+04,1.576320000000000073e+04
-1.257799671592775059e+00,7.237687366167023795e-01,4.839883551673945128e+00,9.195402298850574585e-02,9.850107066381155740e-02,9.898107714701601112e-02,3.284072249589491121e-02,8.137044967880086022e-02,1.455604075691411918e-02,3.373399014778325267e+01,4.515203426124197250e+01,3.175691411935953568e+01,3.300559999999999945e+03,3.353900000000000091e+03,3.356900000000000091e+03,1.409500000000000000e+04,1.441500000000000000e+04,1.460750000000000000e+04,1.576320000000000073e+04,1.603379999999999927e+04,1.618860000000000036e+04,1.577800000000000000e+04
5.146198830409356439e-01,-1.257799671592775059e+00,7.237687366167023795e-01,4.678362573099414945e-02,9.195402298850574585e-02,9.850107066381155740e-02,1.359649122807017607e-01,3.284072249589491121e-02,8.137044967880086022e-02,2.879970760233918270e+01,3.373399014778325267e+01,4.515203426124197250e+01,3.292789999999999964e+03,3.300559999999999945e+03,3.353900000000000091e+03,1.407000000000000000e+04,1.409500000000000000e+04,1.441500000000000000e+04,1.577800000000000000e+04,1.576320000000000073e+04,1.603379999999999927e+04,1.564260000000000036e+04
1.311111111111111116e+00,5.146198830409356439e-01,-1.257799671592775059e+00,7.863247863247863068e-02,4.678362573099414945e-02,9.195402298850574585e-02,0.000000000000000000e+00,1.359649122807017607e-01,3.284072249589491121e-02,3.613675213675213627e+01,2.879970760233918270e+01,3.373399014778325267e+01,3.248010000000000218e+03,3.292789999999999964e+03,3.300559999999999945e+03,1.386250000000000000e+04,1.407000000000000000e+04,1.409500000000000000e+04,1.564260000000000036e+04,1.577800000000000000e+04,1.576320000000000073e+04,1.563320000000000073e+04
5.104166666666666297e-01,1.311111111111111116e+00,5.146198830409356439e-01,4.910714285714285615e-02,7.863247863247863068e-02,4.678362573099414945e-02,2.827380952380952397e-02,0.000000000000000000e+00,1.359649122807017607e-01,3.318750000000000000e+01,3.613675213675213627e+01,2.879970760233918270e+01,3.245469999999999800e+03,3.248010000000000218e+03,3.292789999999999964e+03,1.385000000000000000e+04,1.386250000000000000e+04,1.407000000000000000e+04,1.563320000000000073e+04,1.564260000000000036e+04,1.577800000000000000e+04,1.561310000000000036e+04
2.491145218417945562e-01,5.104166666666666297e-01,1.311111111111111116e+00,4.250295159386068694e-02,4.910714285714285615e-02,7.863247863247863068e-02,8.264462809917355601e-03,2.827380952380952397e-02,0.000000000000000000e+00,2.222195985832349407e+01,3.318750000000000000e+01,3.613675213675213627e+01,3.246469999999999800e+03,3.245469999999999800e+03,3.248010000000000218e+03,1.388000000000000000e+04,1.385000000000000000e+04,1.386250000000000000e+04,1.561310000000000036e+04,1.563320000000000073e+04,1.564260000000000036e+04,1.573660000000000036e+04
3.863854266538830351e-01,2.491145218417945562e-01,5.104166666666666297e-01,3.930968360498561520e-02,4.250295159386068694e-02,4.910714285714285615e-02,6.711409395973154217e-03,8.264462809917355601e-03,2.827380952380952397e-02,1.789549376797699054e+01,2.222195985832349407e+01,3.318750000000000000e+01,3.246449999999999818e+03,3.246469999999999800e+03,3.245469999999999800e+03,1.389750000000000000e+04,1.388000000000000000e+04,1.385000000000000000e+04,1.573660000000000036e+04,1.561310000000000036e+04,1.563320000000000073e+04,1.580439999999999964e+04
4.395161290322580627e-01,3.863854266538830351e-01,2.491145218417945562e-01,3.306451612903225923e-02,3.930968360498561520e-02,4.250295159386068694e-02,1.612903225806451612e-03,6.711409395973154217e-03,8.264462809917355601e-03,1.662419354838709751e+01,1.789549376797699054e+01,2.222195985832349407e+01,3.275250000000000000e+03,3.246449999999999818e+03,3.246469999999999800e+03,1.388750000000000000e+04,1.389750000000000000e+04,1.388000000000000000e+04,1.580439999999999964e+04,1.573660000000000036e+04,1.561310000000000036e+04,1.580329999999999927e+04
4.341164453524004041e-01,4.395161290322580627e-01,3.863854266538830351e-01,4.085801838610827325e-02,3.306451612903225923e-02,3.930968360498561520e-02,3.166496424923391506e-02,1.612903225806451612e-03,6.711409395973154217e-03,2.337385086823288916e+01,1.662419354838709751e+01,1.789549376797699054e+01,3.268449999999999818e+03,3.275250000000000000e+03,3.246449999999999818e+03,1.406000000000000000e+04,1.388750000000000000e+04,1.389750000000000000e+04,1.580329999999999927e+04,1.580439999999999964e+04,1.573660000000000036e+04,1.579079999999999927e+04
4.749124854142356966e-01,4.341164453524004041e-01,4.395161290322580627e-01,8.518086347724621032e-02,4.085801838610827325e-02,3.306451612903225923e-02,9.334889148191364422e-03,3.166496424923391506e-02,1.612903225806451612e-03,2.280396732788798175e+01,2.337385086823288916e+01,1.662419354838709751e+01,3.280389999999999873e+03,3.268449999999999818e+03,3.275250000000000000e+03,1.404000000000000000e+04,1.406000000000000000e+04,1.388750000000000000e+04,1.579079999999999927e+04,1.580329999999999927e+04,1.580439999999999964e+04,1.581960000000000036e+04
1.494591937069813248e-01,4.749124854142356966e-01,4.341164453524004041e-01,8.357915437561455607e-02,8.518086347724621032e-02,4.085801838610827325e-02,4.031465093411996242e-02,9.334889148191364422e-03,3.166496424923391506e-02,1.962340216322517250e+01,2.280396732788798175e+01,2.337385086823288916e+01,3.288900000000000091e+03,3.280389999999999873e+03,3.268449999999999818e+03,1.404750000000000000e+04,1.404000000000000000e+04,1.406000000000000000e+04,1.581960000000000036e+04,1.579079999999999927e+04,1.580329999999999927e+04,1.577610000000000036e+04
3.110307414104882540e-01,1.494591937069813248e-01,4.749124854142356966e-01,3.707052441229656548e-02,8.357915437561455607e-02,8.518086347724621032e-02,9.945750452079566220e-03,4.031465093411996242e-02,9.334889148191364422e-03,2.143309222423146565e+01,1.962340216322517250e+01,2.280396732788798175e+01,3.271559999999999945e+03,3.288900000000000091e+03,3.280389999999999873e+03,1.403450000000000000e+04,1.404750000000000000e+04,1.404000000000000000e+04,1.577610000000000036e+04,1.581960000000000036e+04,1.579079999999999927e+04,1.571779999999999927e+04
4.442289039767216563e-01,3.110307414104882540e-01,1.494591937069813248e-01,3.879728419010669560e-02,3.707052441229656548e-02,8.357915437561455607e-02,9.699321047526673900e-03,9.945750452079566220e-03,4.031465093411996242e-02,2.479049466537342283e+01,2.143309222423146565e+01,1.962340216322517250e+01,3.273730000000000018e+03,3.271559999999999945e+03,3.288900000000000091e+03,1.400500000000000000e+04,1.403450000000000000e+04,1.404750000000000000e+04,1.571779999999999927e+04,1.577610000000000036e+04,1.581960000000000036e+04,1.574370000000000073e+04
3.508640120210368418e-01,4.442289039767216563e-01,3.110307414104882540e-01,5.409466566491359651e-02,3.879728419010669560e-02,3.707052441229656548e-02,1.051840721262208879e-02,9.699321047526673900e-03,9.945750452079566220e-03,2.085800150262960173e+01,2.479049466537342283e+01,2.143309222423146565e+01,3.280820000000000164e+03,3.273730000000000018e+03,3.271559999999999945e+03,1.405500000000000000e+04,1.400500000000000000e+04,1.403450000000000000e+04,1.574370000000000073e+04,1.571779999999999927e+04,1.577610000000000036e+04,1.574689999999999964e+04
3.294663573085847008e-01,3.508640120210368418e-01,4.442289039767216563e-01,1.357308584686774955e-01,5.409466566491359651e-02,3.879728419010669560e-02,1.856148491879350271e-02,1.051840721262208879e-02,9.699321047526673900e-03,2.992227378190255394e+01,2.085800150262960173e+01,2.479049466537342283e+01,3.290559999999999945e+03,3.280820000000000164e+03,3.273730000000000018e+03,1.410000000000000000e+04,1.405500000000000000e+04,1.400500000000000000e+04,1.574689999999999964e+04,1.574370000000000073e+04,1.571779999999999927e+04,1.593329999999999927e+04
3.909853249475890857e-01,3.294663573085847008e-01,3.508640120210368418e-01,5.450733752620545020e-02,1.357308584686774955e-01,5.409466566491359651e-02,1.572327044025157231e-02,1.856148491879350271e-02,1.051840721262208879e-02,3.290356394129979378e+01,2.992227378190255394e+01,2.085800150262960173e+01,3.308809999999999945e+03,3.290559999999999945e+03,3.280820000000000164e+03,1.416000000000000000e+04,1.410000000000000000e+04,1.405500000000000000e+04,1.593329999999999927e+04,1.574689999999999964e+04,1.574370000000000073e+04,1.589339999999999964e+04
4.919124643196955415e-01,3.909853249475890857e-01,3.294663573085847008e-01,5.613701236917221365e-02,5.450733752620545020e-02,1.357308584686774955e-01,2.854424357754519522e-03,1.572327044025157231e-02,1.856148491879350271e-02,3.303520456707897068e+01,3.290356394129979378e+01,2.992227378190255394e+01,3.296710000000000036e+03,3.308809999999999945e+03,3.290559999999999945e+03,1.409950000000000000e+04,1.416000000000000000e+04,1.410000000000000000e+04,1.589339999999999964e+04,1.593329999999999927e+04,1.574689999999999964e+04,1.581460000000000036e+04
7.277628032345014042e-02,4.919124643196955415e-01,3.909853249475890857e-01,7.457322551662173837e-02,5.613701236917221365e-02,5.450733752620545020e-02,5.390835579514825088e-03,2.854424357754519522e-03,1.572327044025157231e-02,3.085265049415992777e+01,3.303520456707897068e+01,3.290356394129979378e+01,3.290880000000000109e+03,3.296710000000000036e+03,3.308809999999999945e+03,1.407950000000000000e+04,1.409950000000000000e+04,1.416000000000000000e+04,1.581460000000000036e+04,1.589339999999999964e+04,1.593329999999999927e+04,1.581450000000000000e+04
0.000000000000000000e+00,7.277628032345014042e-02,4.919124643196955415e-01,7.385398981324278744e-02,7.457322551662173837e-02,5.613701236917221365e-02,3.395585738539898084e-03,5.390835579514825088e-03,2.854424357754519522e-03,3.476146010186756996e+01,3.085265049415992777e+01,3.303520456707897068e+01,3.294400000000000091e+03,3.290880000000000109e+03,3.296710000000000036e+03,1.410000000000000000e+04,1.407950000000000000e+04,1.409950000000000000e+04,1.581450000000000000e+04,1.581460000000000036e+04,1.589339999999999964e+04,1.594989999999999964e+04
0.000000000000000000e+00,0.000000000000000000e+00,7.277628032345014042e-02,7.178631051752921988e-02,7.385398981324278744e-02,7.457322551662173837e-02,1.502504173622704574e-02,3.395585738539898084e-03,5.390835579514825088e-03,3.228130217028380855e+01,3.476146010186756996e+01,3.085265049415992777e+01,3.310469999999999800e+03,3.294400000000000091e+03,3.290880000000000109e+03,1.422500000000000000e+04,1.410000000000000000e+04,1.407950000000000000e+04,1.594989999999999964e+04,1.581450000000000000e+04,1.581460000000000036e+04,1.590779999999999927e+04
1.223659889094269815e+00,0.000000000000000000e+00,0.000000000000000000e+00,1.081330868761552627e-01,7.178631051752921988e-02,7.385398981324278744e-02,2.772643253234750426e-03,1.502504173622704574e-02,3.395585738539898084e-03,3.840665434380776588e+01,3.228130217028380855e+01,3.476146010186756996e+01,3.309199999999999818e+03,3.310469999999999800e+03,3.294400000000000091e+03,1.416500000000000000e+04,1.422500000000000000e+04,1.410000000000000000e+04,1.590779999999999927e+04,1.594989999999999964e+04,1.581450000000000000e+04,1.595470000000000073e+04
4.184068058778035448e-01,1.223659889094269815e+00,0.000000000000000000e+00,1.005413766434648110e-01,1.081330868761552627e-01,7.178631051752921988e-02,1.546790409899458704e-03,2.772643253234750426e-03,1.502504173622704574e-02,3.393658159319411993e+01,3.840665434380776588e+01,3.228130217028380855e+01,3.327110000000000127e+03,3.309199999999999818e+03,3.310469999999999800e+03,1.424500000000000000e+04,1.416500000000000000e+04,1.422500000000000000e+04,1.595470000000000073e+04,1.590779999999999927e+04,1.594989999999999964e+04,1.604379999999999927e+04
6.628158844765342783e-01,4.184068058778035448e-01,1.223659889094269815e+00,1.090252707581227387e-01,1.005413766434648110e-01,1.081330868761552627e-01,7.220216606498194552e-04,1.546790409899458704e-03,2.772643253234750426e-03,3.757978339350180619e+01,3.393658159319411993e+01,3.840665434380776588e+01,3.325190000000000055e+03,3.327110000000000127e+03,3.309199999999999818e+03,1.426500000000000000e+04,1.424500000000000000e+04,1.416500000000000000e+04,1.604379999999999927e+04,1.595470000000000073e+04,1.590779999999999927e+04,1.615070000000000073e+04
4.057881773399014680e-01,6.628158844765342783e-01,4.184068058778035448e-01,1.194581280788177408e-01,1.090252707581227387e-01,1.005413766434648110e-01,1.847290640394088582e-03,7.220216606498194552e-04,1.546790409899458704e-03,3.288115763546797865e+01,3.757978339350180619e+01,3.393658159319411993e+01,3.354380000000000109e+03,3.325190000000000055e+03,3.327110000000000127e+03,1.438000000000000000e+04,1.426500000000000000e+04,1.424500000000000000e+04,1.615070000000000073e+04,1.604379999999999927e+04,1.595470000000000073e+04,1.627260000000000036e+04
0.000000000000000000e+00,4.057881773399014680e-01,6.628158844765342783e-01,1.574362165525824420e-01,1.194581280788177408e-01,1.090252707581227387e-01,0.000000000000000000e+00,1.847290640394088582e-03,7.220216606498194552e-04,3.054947106409458613e+01,3.288115763546797865e+01,3.757978339350180619e+01,3.374579999999999927e+03,3.354380000000000109e+03,3.325190000000000055e+03,1.445500000000000000e+04,1.438000000000000000e+04,1.426500000000000000e+04,1.627260000000000036e+04,1.615070000000000073e+04,1.604379999999999927e+04,1.624839999999999964e+04
1.137303556658395332e+00,0.000000000000000000e+00,4.057881773399014680e-01,1.703887510339123224e-01,1.574362165525824420e-01,1.194581280788177408e-01,8.271298593879239033e-03,0.000000000000000000e+00,1.847290640394088582e-03,4.134822167080231736e+01,3.054947106409458613e+01,3.288115763546797865e+01,3.363530000000000200e+03,3.374579999999999927e+03,3.354380000000000109e+03,1.437400000000000000e+04,1.445500000000000000e+04,1.438000000000000000e+04,1.624839999999999964e+04,1.627260000000000036e+04,1.615070000000000073e+04,1.619779999999999927e+04
3.746056782334384883e-01,1.137303556658395332e+00,0.000000000000000000e+00,1.522082018927444769e-01,1.703887510339123224e-01,1.574362165525824420e-01,4.731861198738170418e-03,8.271298593879239033e-03,0.000000000000000000e+00,4.532570977917981025e+01,4.134822167080231736e+01,3.054947106409458613e+01,3.360219999999999800e+03,3.363530000000000200e+03,3.374579999999999927e+03,1.437500000000000000e+04,1.437400000000000000e+04,1.445500000000000000e+04,1.619779999999999927e+04,1.624839999999999964e+04,1.627260000000000036e+04,1.621829999999999927e+04
3.577981651376146988e-01,3.746056782334384883e-01,1.137303556658395332e+00,1.063140852671343728e-01,1.522082018927444769e-01,1.703887510339123224e-01,1.618996222342147882e-03,4.731861198738170418e-03,8.271298593879239033e-03,3.178953049109552254e+01,4.532570977917981025e+01,4.134822167080231736e+01,3.361050000000000182e+03,3.360219999999999800e+03,3.363530000000000200e+03,1.434250000000000000e+04,1.437500000000000000e+04,1.437400000000000000e+04,1.621829999999999927e+04,1.619779999999999927e+04,1.624839999999999964e+04,1.622389999999999964e+04
2.337222431313511484e-01,3.577981651376146988e-01,3.746056782334384883e-01,1.309747835905156199e-01,1.063140852671343728e-01,1.522082018927444769e-01,2.258185923974407195e-03,1.618996222342147882e-03,4.731861198738170418e-03,2.371245765901392488e+01,3.178953049109552254e+01,4.532570977917981025e+01,3.364130000000000109e+03,3.361050000000000182e+03,3.360219999999999800e+03,1.439750000000000000e+04,1.434250000000000000e+04,1.437500000000000000e+04,1.622389999999999964e+04,1.621829999999999927e+04,1.619779999999999927e+04,1.624539999999999964e+04
0.000000000000000000e+00,2.337222431313511484e-01,3.577981651376146988e-01,2.177275431290898178e-01,1.309747835905156199e-01,1.063140852671343728e-01,8.328375966686495449e-03,2.258185923974407195e-03,1.618996222342147882e-03,3.406186793575253091e+01,2.371245765901392488e+01,3.178953049109552254e+01,3.381360000000000127e+03,3.364130000000000109e+03,3.361050000000000182e+03,1.436500000000000000e+04,1.439750000000000000e+04,1.434250000000000000e+04,1.624539999999999964e+04,1.622389999999999964e+04,1.621829999999999927e+04,1.626939999999999964e+04
1.267550702028081178e+00,0.000000000000000000e+00,2.337222431313511484e-01,2.745709828393135821e-01,2.177275431290898178e-01,1.309747835905156199e-01,5.460218408736349643e-03,8.328375966686495449e-03,2.258185923974407195e-03,4.533073322932917648e+01,3.406186793575253091e+01,2.371245765901392488e+01,3.357710000000000036e+03,3.381360000000000127e+03,3.364130000000000109e+03,1.435200000000000000e+04,1.436500000000000000e+04,1.439750000000000000e+04,1.626939999999999964e+04,1.624539999999999964e+04,1.622389999999999964e+04,1.646150000000000000e+04
0.000000000000000000e+00,1.267550702028081178e+00,0.000000000000000000e+00,1.810182275298554411e-01,2.745709828393135821e-01,2.177275431290898178e-01,2.514142049025770015e-03,5.460218408736349643e-03,8.328375966686495449e-03,4.306599622878692912e+01,4.533073322932917648e+01,3.406186793575253091e+01,3.383690000000000055e+03,3.357710000000000036e+03,3.381360000000000127e+03,1.445000000000000000e+04,1.435200000000000000e+04,1.436500000000000000e+04,1.646150000000000000e+04,1.626939999999999964e+04,1.624539999999999964e+04,1.657720000000000073e+04
6.090670170827857666e-01,0.000000000000000000e+00,1.267550702028081178e+00,2.509855453350854360e-01,1.810182275298554411e-01,2.745709828393135821e-01,3.285151116951379614e-03,2.514142049025770015e-03,5.460218408736349643e-03,4.449211563731931562e+01,4.306599622878692912e+01,4.533073322932917648e+01,3.407769999999999982e+03,3.383690000000000055e+03,3.357710000000000036e+03,1.453500000000000000e+04,1.445000000000000000e+04,1.435200000000000000e+04,1.657720000000000073e+04,1.646150000000000000e+04,1.626939999999999964e+04,1.657850000000000000e+04
3.392630241423125748e-01,6.090670170827857666e-01,0.000000000000000000e+00,3.703939008894536200e-01,2.509855453350854360e-01,1.810182275298554411e-01,1.905972045743329181e-03,3.285151116951379614e-03,2.514142049025770015e-03,4.887547649301143338e+01,4.449211563731931562e+01,4.306599622878692912e+01,3.407409999999999854e+03,3.407769999999999982e+03,3.383690000000000055e+03,1.457000000000000000e+04,1.453500000000000000e+04,1.445000000000000000e+04,1.657850000000000000e+04,1.657720000000000073e+04,1.646150000000000000e+04,1.676109999999999854e+04
0.000000000000000000e+00,3.392630241423125748e-01,6.090670170827857666e-01,2.769981696156192941e-01,3.703939008894536200e-01,2.509855453350854360e-01,9.151921903599756145e-03,1.905972045743329181e-03,3.285151116951379614e-03,3.770347773032337102e+01,4.887547649301143338e+01,4.449211563731931562e+01,3.434239999999999782e+03,3.407409999999999854e+03,3.407769999999999982e+03,1.469250000000000000e+04,1.457000000000000000e+04,1.453500000000000000e+04,1.676109999999999854e+04,1.657850000000000000e+04,1.657720000000000073e+04,1.683800000000000000e+04
1.228588304784406393e+00,0.000000000000000000e+00,3.392630241423125748e-01,3.780271707028942663e-01,2.769981696156192941e-01,3.703939008894536200e-01,1.240401653868871898e-02,9.151921903599756145e-03,1.905972045743329181e-03,3.352037802717070036e+01,3.770347773032337102e+01,4.887547649301143338e+01,3.454150000000000091e+03,3.434239999999999782e+03,3.407409999999999854e+03,1.472500000000000000e+04,1.469250000000000000e+04,1.457000000000000000e+04,1.683800000000000000e+04,1.676109999999999854e+04,1.657850000000000000e+04,1.683590000000000146e+04
3.528700906344410804e-01,1.228588304784406393e+00,0.000000000000000000e+00,3.425981873111782483e-01,3.780271707028942663e-01,2.769981696156192941e-01,9.063444108761330165e-03,1.240401653868871898e-02,9.151921903599756145e-03,4.353353474320241645e+01,3.352037802717070036e+01,3.770347773032337102e+01,3.431820000000000164e+03,3.454150000000000091e+03,3.434239999999999782e+03,1.460500000000000000e+04,1.472500000000000000e+04,1.469250000000000000e+04,1.683590000000000146e+04,1.683800000000000000e+04,1.676109999999999854e+04,1.681479999999999927e+04
5.302869287991498481e-01,3.528700906344410804e-01,1.228588304784406393e+00,3.857598299681190279e-01,3.425981873111782483e-01,3.780271707028942663e-01,8.501594048884165283e-03,9.063444108761330165e-03,1.240401653868871898e-02,3.658235919234856226e+01,4.353353474320241645e+01,3.352037802717070036e+01,3.417809999999999945e+03,3.431820000000000164e+03,3.454150000000000091e+03,1.453250000000000000e+04,1.460500000000000000e+04,1.472500000000000000e+04,1.681479999999999927e+04,1.683590000000000146e+04,1.683800000000000000e+04,1.684029999999999927e+04
5.571878279118572808e-01,5.302869287991498481e-01,3.528700906344410804e-01,4.863588667366212093e-01,3.857598299681190279e-01,3.425981873111782483e-01,4.721930745015740123e-03,8.501594048884165283e-03,9.063444108761330165e-03,3.315634837355718645e+01,3.658235919234856226e+01,4.353353474320241645e+01,3.406530000000000200e+03,3.417809999999999945e+03,3.431820000000000164e+03,1.450500000000000000e+04,1.453250000000000000e+04,1.460500000000000000e+04,1.684029999999999927e+04,1.681479999999999927e+04,1.683590000000000146e+04,1.692640000000000146e+04
0.000000000000000000e+00,5.571878279118572808e-01,5.302869287991498481e-01,4.068364611260053554e-01,4.863588667366212093e-01,3.857598299681190279e-01,8.713136729222520707e-03,4.721930745015740123e-03,8.501594048884165283e-03,3.752882037533512261e+01,3.315634837355718645e+01,3.658235919234856226e+01,3.402659999999999854e+03,3.406530000000000200e+03,3.417809999999999945e+03,1.448000000000000000e+04,1.450500000000000000e+04,1.453250000000000000e+04,1.692640000000000146e+04,1.684029999999999927e+04,1.681479999999999927e+04,1.697409999999999854e+04
1.672786885245901578e+00,0.000000000000000000e+00,5.571878279118572808e-01,0.000000000000000000e+00,4.068364611260053554e-01,4.863588667366212093e-01,4.590163934426229504e-03,8.713136729222520707e-03,4.721930745015740123e-03,3.688065573770492023e+01,3.752882037533512261e+01,3.315634837355718645e+01,3.401230000000000018e+03,3.402659999999999854e+03,3.406530000000000200e+03,1.444500000000000000e+04,1.448000000000000000e+04,1.450500000000000000e+04,1.697409999999999854e+04,1.692640000000000146e+04,1.684029999999999927e+04,1.694129999999999927e+04
4.147597254004576905e-01,1.672786885245901578e+00,0.000000000000000000e+00,7.688787185354690745e-01,0.000000000000000000e+00,4.068364611260053554e-01,2.231121281464530995e-02,4.590163934426229504e-03,8.713136729222520707e-03,3.531693363844393474e+01,3.688065573770492023e+01,3.752882037533512261e+01,3.401469999999999800e+03,3.401230000000000018e+03,3.402659999999999854e+03,1.445450000000000000e+04,1.444500000000000000e+04,1.448000000000000000e+04,1.694129999999999927e+04,1.697409999999999854e+04,1.692640000000000146e+04,1.701059999999999854e+04
5.846283074338513019e-01,4.147597254004576905e-01,1.672786885245901578e+00,4.729105417891641960e-01,7.688787185354690745e-01,0.000000000000000000e+00,5.459890802183956643e-03,2.231121281464530995e-02,4.590163934426229504e-03,3.149307013859722915e+01,3.531693363844393474e+01,3.688065573770492023e+01,3.407190000000000055e+03,3.401469999999999800e+03,3.401230000000000018e+03,1.445500000000000000e+04,1.445450000000000000e+04,1.444500000000000000e+04,1.701059999999999854e+04,1.694129999999999927e+04,1.697409999999999854e+04,1.711129999999999927e+04
0.000000000000000000e+00,5.846283074338513019e-01,4.147597254004576905e-01,1.310730743910467400e+00,4.729105417891641960e-01,7.688787185354690745e-01,9.216589861751152066e-03,5.459890802183956643e-03,2.231121281464530995e-02,3.127781435154707168e+01,3.149307013859722915e+01,3.531693363844393474e+01,3.440980000000000018e+03,3.407190000000000055e+03,3.401469999999999800e+03,1.459500000000000000e+04,1.445500000000000000e+04,1.445450000000000000e+04,1.711129999999999927e+04,1.701059999999999854e+04,1.694129999999999927e+04,1.709059999999999854e+04
2.010720667063728317e+00,0.000000000000000000e+00,5.846283074338513019e-01,1.063728409767718874e+00,1.310730743910467400e+00,4.729105417891641960e-01,1.191185229303156744e-03,9.216589861751152066e-03,5.459890802183956643e-03,2.716319237641453199e+01,3.127781435154707168e+01,3.149307013859722915e+01,3.449800000000000182e+03,3.440980000000000018e+03,3.407190000000000055e+03,1.456000000000000000e+04,1.459500000000000000e+04,1.445500000000000000e+04,1.709059999999999854e+04,1.711129999999999927e+04,1.701059999999999854e+04,1.714450000000000000e+04
5.405827263267429794e-01,2.010720667063728317e+00,0.000000000000000000e+00,6.612903225806451291e-01,1.063728409767718874e+00,1.310730743910467400e+00,5.202913631633715365e-04,1.191185229303156744e-03,9.216589861751152066e-03,2.992976066597294604e+01,2.716319237641453199e+01,3.127781435154707168e+01,3.449750000000000000e+03,3.449800000000000182e+03,3.440980000000000018e+03,1.452000000000000000e+04,1.456000000000000000e+04,1.459500000000000000e+04,1.714450000000000000e+04,1.709059999999999854e+04,1.711129999999999927e+04,1.716709999999999854e+04
9.338842975206611552e-01,5.405827263267429794e-01,2.010720667063728317e+00,6.247933884297520724e-01,6.612903225806451291e-01,1.063728409767718874e+00,1.157024793388429680e-02,5.202913631633715365e-04,1.191185229303156744e-03,2.909311294765840117e+01,2.992976066597294604e+01,2.716319237641453199e+01,3.452269999999999982e+03,3.449750000000000000e+03,3.449800000000000182e+03,1.446500000000000000e+04,1.452000000000000000e+04,1.456000000000000000e+04,1.716709999999999854e+04,1.714450000000000000e+04,1.709059999999999854e+04,1.719170000000000073e+04
8.522848034006376139e-01,9.338842975206611552e-01,5.405827263267429794e-01,8.246546227417640429e-01,6.247933884297520724e-01,6.612903225806451291e-01,7.970244420828906037e-03,1.157024793388429680e-02,5.202913631633715365e-04,3.175079702444208252e+01,2.909311294765840117e+01,2.992976066597294604e+01,3.473329999999999927e+03,3.452269999999999982e+03,3.449750000000000000e+03,1.455500000000000000e+04,1.446500000000000000e+04,1.452000000000000000e+04,1.719170000000000073e+04,1.716709999999999854e+04,1.714450000000000000e+04,1.718079999999999927e+04
0.000000000000000000e+00,8.522848034006376139e-01,9.338842975206611552e-01,6.376122556788167417e-01,8.246546227417640429e-01,6.247933884297520724e-01,6.867406233491812201e-03,7.970244420828906037e-03,1.157024793388429680e-02,2.474749075541468457e+01,3.175079702444208252e+01,2.909311294765840117e+01,3.479099999999999909e+03,3.473329999999999927e+03,3.452269999999999982e+03,1.460000000000000000e+04,1.455500000000000000e+04,1.446500000000000000e+04,1.718079999999999927e+04,1.719170000000000073e+04,1.716709999999999854e+04,1.711479999999999927e+04
2.877296976882039115e+00,0.000000000000000000e+00,8.522848034006376139e-01,1.470065204505038581e-01,6.376122556788167417e-01,8.246546227417640429e-01,6.520450503852993733e-03,6.867406233491812201e-03,7.970244420828906037e-03,2.935981031416715936e+01,2.474749075541468457e+01,3.175079702444208252e+01,3.470599999999999909e+03,3.479099999999999909e+03,3.473329999999999927e+03,1.458000000000000000e+04,1.460000000000000000e+04,1.455500000000000000e+04,1.711479999999999927e+04,1.718079999999999927e+04,1.719170000000000073e+04,1.715220000000000073e+04
8.251624335499113672e-01,2.877296976882039115e+00,0.000000000000000000e+00,7.525103366804488658e-01,1.470065204505038581e-01,6.376122556788167417e-01,5.316007088009450619e-03,6.520450503852993733e-03,6.867406233491812201e-03,2.765091553455404494e+01,2.935981031416715936e+01,2.474749075541468457e+01,3.482250000000000000e+03,3.470599999999999909e+03,3.479099999999999909e+03,1.464000000000000000e+04,1.458000000000000000e+04,1.460000000000000000e+04,1.715220000000000073e+04,1.711479999999999927e+04,1.718079999999999927e+04,1.738209999999999854e+04
1.299691040164778544e+00,8.251624335499113672e-01,2.877296976882039115e+00,4.799176107106076228e-01,7.525103366804488658e-01,1.470065204505038581e-01,5.664263645726055202e-03,5.316007088009450619e-03,6.520450503852993733e-03,2.880587023686920745e+01,2.765091553455404494e+01,2.935981031416715936e+01,3.516429999999999836e+03,3.482250000000000000e+03,3.470599999999999909e+03,1.472500000000000000e+04,1.464000000000000000e+04,1.458000000000000000e+04,1.738209999999999854e+04,1.715220000000000073e+04,1.711479999999999927e+04,1.743220000000000073e+04
1.272163965681601505e+00,1.299691040164778544e+00,8.251624335499113672e-01,5.095328884652049473e-01,4.799176107106076228e-01,7.525103366804488658e-01,7.149666348903718251e-03,5.664263645726055202e-03,5.316007088009450619e-03,2.435367016205910318e+01,2.880587023686920745e+01,2.765091553455404494e+01,3.519550000000000182e+03,3.516429999999999836e+03,3.482250000000000000e+03,1.477500000000000000e+04,1.472500000000000000e+04,1.464000000000000000e+04,1.743220000000000073e+04,1.738209999999999854e+04,1.715220000000000073e+04,1.752900000000000000e+04
2.707303679297089483e-01,1.272163965681601505e+00,1.299691040164778544e+00,5.524437122460186256e-01,5.095328884652049473e-01,4.799176107106076228e-01,6.589785831960461374e-03,7.149666348903718251e-03,5.664263645726055202e-03,1.925096101043382646e+01,2.435367016205910318e+01,2.880587023686920745e+01,3.520599999999999909e+03,3.519550000000000182e+03,3.516429999999999836e+03,1.475000000000000000e+04,1.477500000000000000e+04,1.472500000000000000e+04,1.752900000000000000e+04,1.743220000000000073e+04,1.738209999999999854e+04,1.747340000000000146e+04
1.337716676628810442e+00,2.707303679297089483e-01,1.272163965681601505e+00,9.515839808726838100e-01,5.524437122460186256e-01,5.095328884652049473e-01,4.184100418410041482e-03,6.589785831960461374e-03,7.149666348903718251e-03,2.635445307830245198e+01,1.925096101043382646e+01,2.435367016205910318e+01,3.523230000000000018e+03,3.520599999999999909e+03,3.519550000000000182e+03,1.473500000000000000e+04,1.475000000000000000e+04,1.477500000000000000e+04,1.747340000000000146e+04,1.752900000000000000e+04,1.743220000000000073e+04,1.728700000000000000e+04
2.404025527736867840e+00,1.337716676628810442e+00,2.707303679297089483e-01,3.436426116838487907e-03,9.515839808726838100e-01,5.524437122460186256e-01,4.909180166912125581e-03,4.184100418410041482e-03,6.589785831960461374e-03,1.693961708394698107e+01,2.635445307830245198e+01,1.925096101043382646e+01,3.511789999999999964e+03,3.523230000000000018e+03,3.520599999999999909e+03,1.467050000000000000e+04,1.473500000000000000e+04,1.475000000000000000e+04,1.728700000000000000e+04,1.747340000000000146e+04,1.752900000000000000e+04,1.720650000000000000e+04
1.041555673947788918e+00,2.404025527736867840e+00,1.337716676628810442e+00,7.282898241875332968e-01,3.436426116838487907e-03,9.515839808726838100e-01,3.729355354288758657e-03,4.909180166912125581e-03,4.184100418410041482e-03,2.040383590836441030e+01,1.693961708394698107e+01,2.635445307830245198e+01,3.495630000000000109e+03,3.511789999999999964e+03,3.523230000000000018e+03,1.457500000000000000e+04,1.467050000000000000e+04,1.473500000000000000e+04,1.720650000000000000e+04,1.728700000000000000e+04,1.747340000000000146e+04,1.725259999999999854e+04
1.350224765018389839e+00,1.041555673947788918e+00,2.404025527736867840e+00,2.864732325296281412e-01,7.282898241875332968e-01,3.436426116838487907e-03,4.495300367797302847e-03,3.729355354288758657e-03,4.909180166912125581e-03,1.557785042909685380e+01,2.040383590836441030e+01,1.693961708394698107e+01,3.498860000000000127e+03,3.495630000000000109e+03,3.511789999999999964e+03,1.458500000000000000e+04,1.457500000000000000e+04,1.467050000000000000e+04,1.725259999999999854e+04,1.720650000000000000e+04,1.728700000000000000e+04,1.724309999999999854e+04
2.354293148308759687e+00,1.350224765018389839e+00,1.041555673947788918e+00,3.668690372940155986e-01,2.864732325296281412e-01,7.282898241875332968e-01,2.601908065915004356e-03,4.495300367797302847e-03,3.729355354288758657e-03,1.858109280138768327e+01,1.557785042909685380e+01,2.040383590836441030e+01,3.501139999999999873e+03,3.498860000000000127e+03,3.495630000000000109e+03,1.460500000000000000e+04,1.458500000000000000e+04,1.457500000000000000e+04,1.724309999999999854e+04,1.725259999999999854e+04,1.720650000000000000e+04,1.731420000000000073e+04
2.247517469657962508e+00,2.354293148308759687e+00,1.350224765018389839e+00,3.328429569694740797e-01,3.668690372940155986e-01,2.864732325296281412e-01,1.838911364472232491e-03,2.601908065915004356e-03,4.495300367797302847e-03,1.688451636631114283e+01,1.858109280138768327e+01,1.557785042909685380e+01,3.502550000000000182e+03,3.501139999999999873e+03,3.498860000000000127e+03,1.461450000000000000e+04,1.460500000000000000e+04,1.458500000000000000e+04,1.731420000000000073e+04,1.724309999999999854e+04,1.725259999999999854e+04,1.726820000000000073e+04
1.893981805458362588e+00,2.247517469657962508e+00,2.354293148308759687e+00,2.102869139258222442e-01,3.328429569694740797e-01,3.668690372940155986e-01,5.948215535339398431e-03,1.838911364472232491e-03,2.601908065915004356e-03,1.244961511546535959e+01,1.688451636631114283e+01,1.858109280138768327e+01,3.482179999999999836e+03,3.502550000000000182e+03,3.501139999999999873e+03,1.450500000000000000e+04,1.461450000000000000e+04,1.460500000000000000e+04,1.726820000000000073e+04,1.731420000000000073e+04,1.724309999999999854e+04,1.733900000000000000e+04
1.123587313160772982e+00,1.893981805458362588e+00,2.247517469657962508e+00,1.921254101348888188e-01,2.102869139258222442e-01,3.328429569694740797e-01,2.187386073641997813e-03,5.948215535339398431e-03,1.838911364472232491e-03,1.234050309879693685e+01,1.244961511546535959e+01,1.688451636631114283e+01,3.491780000000000200e+03,3.482179999999999836e+03,3.502550000000000182e+03,1.453500000000000000e+04,1.450500000000000000e+04,1.461450000000000000e+04,1.733900000000000000e+04,1.726820000000000073e+04,1.731420000000000073e+04,1.732590000000000146e+04
1.795315315315315408e+00,1.123587313160772982e+00,1.893981805458362588e+00,2.194594594594594661e-01,1.921254101348888188e-01,2.102869139258222442e-01,5.045045045045044689e-03,2.187386073641997813e-03,5.948215535339398431e-03,1.608612612612612480e+01,1.234050309879693685e+01,1.244961511546535959e+01,3.508739999999999782e+03,3.491780000000000200e+03,3.482179999999999836e+03,1.460500000000000000e+04,1.453500000000000000e+04,1.450500000000000000e+04,1.732590000000000146e+04,1.733900000000000000e+04,1.726820000000000073e+04,1.742929999999999927e+04
2.281951219512194928e+00,1.795315315315315408e+00,1.123587313160772982e+00,1.944715447154471422e-01,2.194594594594594661e-01,1.921254101348888188e-01,1.951219512195121950e-03,5.045045045045044689e-03,2.187386073641997813e-03,1.260292682926829322e+01,1.608612612612612480e+01,1.234050309879693685e+01,3.556869999999999891e+03,3.508739999999999782e+03,3.491780000000000200e+03,1.475500000000000000e+04,1.460500000000000000e+04,1.453500000000000000e+04,1.742929999999999927e+04,1.732590000000000146e+04,1.733900000000000000e+04,1.737329999999999927e+04
1.975980121479845364e+00,2.281951219512194928e+00,1.795315315315315408e+00,1.847045831032578800e-01,1.944715447154471422e-01,2.194594594594594661e-01,3.865267807840971990e-03,1.951219512195121950e-03,5.045045045045044689e-03,1.000800662617338510e+01,1.260292682926829322e+01,1.608612612612612480e+01,3.547230000000000018e+03,3.556869999999999891e+03,3.508739999999999782e+03,1.470500000000000000e+04,1.475500000000000000e+04,1.460500000000000000e+04,1.737329999999999927e+04,1.742929999999999927e+04,1.732590000000000146e+04,1.739970000000000073e+04
2.053135888501742112e+00,1.975980121479845364e+00,2.281951219512194928e+00,1.268873403019744606e-01,1.847045831032578800e-01,1.944715447154471422e-01,1.742160278745644598e-03,3.865267807840971990e-03,1.951219512195121950e-03,8.871951219512194342e+00,1.000800662617338510e+01,1.260292682926829322e+01,3.542840000000000146e+03,3.547230000000000018e+03,3.556869999999999891e+03,1.470500000000000000e+04,1.470500000000000000e+04,1.475500000000000000e+04,1.739970000000000073e+04,1.737329999999999927e+04,1.742929999999999927e+04,1.735929999999999927e+04
1.459375000000000089e+00,2.053135888501742112e+00,1.975980121479845364e+00,1.312500000000000056e-01,1.268873403019744606e-01,1.847045831032578800e-01,2.152777777777777762e-02,1.742160278745644598e-03,3.865267807840971990e-03,8.420138888888889284e+00,8.871951219512194342e+00,1.000800662617338510e+01,3.532949999999999818e+03,3.542840000000000146e+03,3.547230000000000018e+03,1.472000000000000000e+04,1.470500000000000000e+04,1.470500000000000000e+04,1.735929999999999927e+04,1.739970000000000073e+04,1.737329999999999927e+04,1.735850000000000000e+04
2.148391332895600581e+00,1.459375000000000089e+00,2.053135888501742112e+00,1.615233092580433405e-01,1.312500000000000056e-01,1.268873403019744606e-01,3.282994090610637239e-02,2.152777777777777762e-02,1.742160278745644598e-03,8.904136572554168794e+00,8.420138888888889284e+00,8.871951219512194342e+00,3.534829999999999927e+03,3.532949999999999818e+03,3.542840000000000146e+03,1.476500000000000000e+04,1.472000000000000000e+04,1.470500000000000000e+04,1.735850000000000000e+04,1.735929999999999927e+04,1.739970000000000073e+04,1.744109999999999854e+04
2.593589355911702476e+00,2.148391332895600581e+00,1.459375000000000089e+00,1.496824916843060294e-01,1.615233092580433405e-01,1.312500000000000056e-01,7.257332930148170311e-03,3.282994090610637239e-02,2.152777777777777762e-02,9.654369519201694061e+00,8.904136572554168794e+00,8.420138888888889284e+00,3.544590000000000146e+03,3.534829999999999927e+03,3.532949999999999818e+03,1.476500000000000000e+04,1.476500000000000000e+04,1.472000000000000000e+04,1.744109999999999854e+04,1.735850000000000000e+04,1.735929999999999927e+04,1.754750000000000000e+04
2.549339549339549205e+00,2.593589355911702476e+00,2.148391332895600581e+00,1.761201761201761085e-01,1.496824916843060294e-01,1.615233092580433405e-01,1.165501165501165587e-02,7.257332930148170311e-03,3.282994090610637239e-02,9.714322714322713992e+00,9.654369519201694061e+00,8.904136572554168794e+00,3.566210000000000036e+03,3.544590000000000146e+03,3.534829999999999927e+03,1.487750000000000000e+04,1.476500000000000000e+04,1.476500000000000000e+04,1.754750000000000000e+04,1.744109999999999854e+04,1.735850000000000000e+04,1.758759999999999854e+04
1.981517241379310290e+00,2.549339549339549205e+00,2.593589355911702476e+00,1.211034482758620717e-01,1.761201761201761085e-01,1.496824916843060294e-01,1.296551724137930996e-02,1.165501165501165587e-02,7.257332930148170311e-03,9.343724137931033624e+00,9.714322714322713992e+00,9.654369519201694061e+00,3.577710000000000036e+03,3.566210000000000036e+03,3.544590000000000146e+03,1.485500000000000000e+04,1.487750000000000000e+04,1.476500000000000000e+04,1.758759999999999854e+04,1.754750000000000000e+04,1.744109999999999854e+04,1.757350000000000000e+04
1.960522126711238489e+00,1.981517241379310290e+00,2.549339549339549205e+00,9.582935370900987071e-02,1.211034482758620717e-01,1.761201761201761085e-01,9.869468322190384779e-03,1.296551724137930996e-02,1.165501165501165587e-02,1.109232728430436232e+01,9.343724137931033624e+00,9.714322714322713992e+00,3.580730000000000018e+03,3.577710000000000036e+03,3.566210000000000036e+03,1.480200000000000000e+04,1.485500000000000000e+04,1.487750000000000000e+04,1.757350000000000000e+04,1.758759999999999854e+04,1.754750000000000000e+04,1.748600000000000000e+04
2.238950670088394546e+00,1.960522126711238489e+00,1.981517241379310290e+00,1.397205588822355293e-01,9.582935370900987071e-02,1.211034482758620717e-01,6.558311947533504611e-03,9.869468322190384779e-03,1.296551724137930996e-02,1.467721699458226325e+01,1.109232728430436232e+01,9.343724137931033624e+00,3.580679999999999836e+03,3.580730000000000018e+03,3.577710000000000036e+03,1.479000000000000000e+04,1.480200000000000000e+04,1.485500000000000000e+04,1.748600000000000000e+04,1.757350000000000000e+04,1.758759999999999854e+04,1.739290000000000146e+04
2.468836739843552675e+00,2.238950670088394546e+00,1.960522126711238489e+00,1.415594246782740373e-01,1.397205588822355293e-01,9.582935370900987071e-02,1.564471360080747081e-02,6.558311947533504611e-03,9.869468322190384779e-03,6.206913954075195861e+00,1.467721699458226325e+01,1.109232728430436232e+01,3.568929999999999836e+03,3.580679999999999836e+03,3.580730000000000018e+03,1.479500000000000000e+04,1.479000000000000000e+04,1.480200000000000000e+04,1.739290000000000146e+04,1.748600000000000000e+04,1.757350000000000000e+04,1.742020000000000073e+04
2.914167812929848722e+00,2.468836739843552675e+00,2.238950670088394546e+00,1.334250343878954637e-01,1.415594246782740373e-01,1.397205588822355293e-01,5.777166437414030589e-03,1.564471360080747081e-02,6.558311947533504611e-03,1.198541953232462198e+01,6.206913954075195861e+00,1.467721699458226325e+01,3.562909999999999854e+03,3.568929999999999836e+03,3.580679999999999836e+03,1.471300000000000000e+04,1.479500000000000000e+04,1.479000000000000000e+04,1.742020000000000073e+04,1.739290000000000146e+04,1.748600000000000000e+04,1.724459999999999854e+04
2.900225620456254649e+00,2.914167812929848722e+00,2.468836739843552675e+00,0.000000000000000000e+00,1.334250343878954637e-01,1.415594246782740373e-01,1.303584858360491358e-02,5.777166437414030589e-03,1.564471360080747081e-02,9.990473802958135252e+00,1.198541953232462198e+01,6.206913954075195861e+00,3.564239999999999782e+03,3.562909999999999854e+03,3.568929999999999836e+03,1.466400000000000000e+04,1.471300000000000000e+04,1.479500000000000000e+04,1.724459999999999854e+04,1.742020000000000073e+04,1.739290000000000146e+04,1.726640000000000146e+04
1.029214559386973260e+00,2.900225620456254649e+00,2.914167812929848722e+00,1.870210727969348619e-01,0.000000000000000000e+00,1.334250343878954637e-01,1.364942528735632252e-02,1.303584858360491358e-02,5.777166437414030589e-03,1.272820881226053658e+01,9.990473802958135252e+00,1.198541953232462198e+01,3.553809999999999945e+03,3.564239999999999782e+03,3.562909999999999854e+03,1.469500000000000000e+04,1.466400000000000000e+04,1.471300000000000000e+04,1.726640000000000146e+04,1.724459999999999854e+04,1.742020000000000073e+04,1.723509999999999854e+04
2.458364038319823308e+00,1.029214559386973260e+00,2.900225620456254649e+00,8.106116433308768743e-02,1.870210727969348619e-01,0.000000000000000000e+00,2.014247113731269800e-02,1.364942528735632252e-02,1.303584858360491358e-02,9.409727339719969663e+00,1.272820881226053658e+01,9.990473802958135252e+00,3.554730000000000018e+03,3.553809999999999945e+03,3.564239999999999782e+03,1.475500000000000000e+04,1.469500000000000000e+04,1.466400000000000000e+04,1.723509999999999854e+04,1.726640000000000146e+04,1.724459999999999854e+04,1.726170000000000073e+04
2.927659574468084891e+00,2.458364038319823308e+00,1.029214559386973260e+00,6.114221724524076390e-02,8.106116433308768743e-02,1.870210727969348619e-01,3.292273236282194926e-02,2.014247113731269800e-02,1.364942528735632252e-02,8.494960806270997367e+00,9.409727339719969663e+00,1.272820881226053658e+01,3.550639999999999873e+03,3.554730000000000018e+03,3.553809999999999945e+03,1.481500000000000000e+04,1.475500000000000000e+04,1.469500000000000000e+04,1.726170000000000073e+04,1.723509999999999854e+04,1.726640000000000146e+04,1.726700000000000000e+04
3.473457056538627352e+00,2.927659574468084891e+00,2.458364038319823308e+00,9.840310746655157870e-02,6.114221724524076390e-02,8.106116433308768743e-02,1.532153646957272290e-02,3.292273236282194926e-02,2.014247113731269800e-02,9.541001294777728958e+00,8.494960806270997367e+00,9.409727339719969663e+00,3.564250000000000000e+03,3.550639999999999873e+03,3.554730000000000018e+03,1.486250000000000000e+04,1.481500000000000000e+04,1.475500000000000000e+04,1.726700000000000000e+04,1.726170000000000073e+04,1.723509999999999854e+04,1.727079999999999927e+04
2.871192565823438514e+00,3.473457056538627352e+00,2.927659574468084891e+00,1.138358286009292786e-01,9.840310746655157870e-02,6.114221724524076390e-02,3.871966959215281112e-02,1.532153646957272290e-02,3.292273236282194926e-02,9.356737222509034169e+00,9.541001294777728958e+00,8.494960806270997367e+00,3.563139999999999873e+03,3.564250000000000000e+03,3.550639999999999873e+03,1.486750000000000000e+04,1.486250000000000000e+04,1.481500000000000000e+04,1.727079999999999927e+04,1.726700000000000000e+04,1.726170000000000073e+04,1.734670000000000073e+04
1.159874608150470277e+00,2.871192565823438514e+00,3.473457056538627352e+00,1.034482758620689641e-01,1.138358286009292786e-01,9.840310746655157870e-02,3.277286976346537734e-02,3.871966959215281112e-02,1.532153646957272290e-02,9.403818751781134466e+00,9.356737222509034169e+00,9.541001294777728958e+00,3.564929999999999836e+03,3.563139999999999873e+03,3.564250000000000000e+03,1.486750000000000000e+04,1.486750000000000000e+04,1.486250000000000000e+04,1.734670000000000073e+04,1.727079999999999927e+04,1.726700000000000000e+04,1.738650000000000000e+04
2.011744127936032189e+00,1.159874608150470277e+00,2.871192565823438514e+00,1.289355322338830712e-01,1.034482758620689641e-01,1.138358286009292786e-01,2.523738130934532684e-02,3.277286976346537734e-02,3.871966959215281112e-02,1.074887556221889007e+01,9.403818751781134466e+00,9.356737222509034169e+00,3.574010000000000218e+03,3.564929999999999836e+03,3.563139999999999873e+03,1.485750000000000000e+04,1.486750000000000000e+04,1.486750000000000000e+04,1.738650000000000000e+04,1.734670000000000073e+04,1.727079999999999927e+04,1.737809999999999854e+04
2.998366013071895431e+00,2.011744127936032189e+00,1.159874608150470277e+00,0.000000000000000000e+00,1.289355322338830712e-01,1.034482758620689641e-01,0.000000000000000000e+00,2.523738130934532684e-02,3.277286976346537734e-02,9.799719887955182784e+00,1.074887556221889007e+01,9.403818751781134466e+00,3.572809999999999945e+03,3.574010000000000218e+03,3.564929999999999836e+03,1.481000000000000000e+04,1.485750000000000000e+04,1.486750000000000000e+04,1.737809999999999854e+04,1.738650000000000000e+04,1.734670000000000073e+04,1.737640000000000146e+04
3.346909439386679619e+00,2.998366013071895431e+00,2.011744127936032189e+00,2.886919022520363920e-01,0.000000000000000000e+00,1.289355322338830712e-01,8.361284139913752189e-02,0.000000000000000000e+00,2.523738130934532684e-02,1.072616195495927194e+01,9.799719887955182784e+00,1.074887556221889007e+01,3.561989999999999782e+03,3.572809999999999945e+03,3.574010000000000218e+03,1.484000000000000000e+04,1.481000000000000000e+04,1.485750000000000000e+04,1.737640000000000146e+04,1.737809999999999854e+04,1.738650000000000000e+04,1.735870000000000073e+04
3.142535070140280773e+00,3.346909439386679619e+00,2.998366013071895431e+00,1.002004008016032094e-01,2.886919022520363920e-01,0.000000000000000000e+00,7.339679358717435265e-02,8.361284139913752189e-02,0.000000000000000000e+00,8.742735470941884302e+00,1.072616195495927194e+01,9.799719887955182784e+00,3.556409999999999854e+03,3.561989999999999782e+03,3.572809999999999945e+03,1.479950000000000000e+04,1.484000000000000000e+04,1.481000000000000000e+04,1.735870000000000073e+04,1.737640000000000146e+04,1.737809999999999854e+04,1.721270000000000073e+04
1.409166206515737096e+00,3.142535070140280773e+00,3.346909439386679619e+00,8.503589177250138464e-02,1.002004008016032094e-01,2.886919022520363920e-01,1.192711209276642731e-01,7.339679358717435265e-02,8.361284139913752189e-02,1.123826615129762629e+01,8.742735470941884302e+00,1.072616195495927194e+01,3.519710000000000036e+03,3.556409999999999854e+03,3.561989999999999782e+03,1.460500000000000000e+04,1.479950000000000000e+04,1.484000000000000000e+04,1.721270000000000073e+04,1.735870000000000073e+04,1.737640000000000146e+04,1.724670000000000073e+04
2.586045364891518705e+00,1.409166206515737096e+00,3.142535070140280773e+00,1.222879684418145957e-01,8.503589177250138464e-02,1.002004008016032094e-01,1.703648915187376822e-01,1.192711209276642731e-01,7.339679358717435265e-02,1.061686390532544344e+01,1.123826615129762629e+01,8.742735470941884302e+00,3.536489999999999782e+03,3.519710000000000036e+03,3.556409999999999854e+03,1.470250000000000000e+04,1.460500000000000000e+04,1.479950000000000000e+04,1.724670000000000073e+04,1.721270000000000073e+04,1.735870000000000073e+04,1.725850000000000000e+04
4.130894667254296770e+00,2.586045364891518705e+00,1.409166206515737096e+00,1.051123843102688415e-01,1.222879684418145957e-01,8.503589177250138464e-02,1.077567210224768673e-01,1.703648915187376822e-01,1.192711209276642731e-01,1.061745262230057207e+01,1.061686390532544344e+01,1.123826615129762629e+01,3.537059999999999945e+03,3.536489999999999782e+03,3.519710000000000036e+03,1.469750000000000000e+04,1.470250000000000000e+04,1.460500000000000000e+04,1.725850000000000000e+04,1.724670000000000073e+04,1.721270000000000073e+04,1.726070000000000073e+04
3.737938144329897128e+00,4.130894667254296770e+00,2.586045364891518705e+00,1.276288659793814451e-01,1.051123843102688415e-01,1.222879684418145957e-01,7.731958762886598224e-02,1.077567210224768673e-01,1.703648915187376822e-01,1.171134020618556626e+01,1.061745262230057207e+01,1.061686390532544344e+01,3.532460000000000036e+03,3.537059999999999945e+03,3.536489999999999782e+03,1.466500000000000000e+04,1.469750000000000000e+04,1.470250000000000000e+04,1.726070000000000073e+04,1.725850000000000000e+04,1.724670000000000073e+04,1.732540000000000146e+04
3.580386924616410838e+00,3.737938144329897128e+00,4.130894667254296770e+00,9.673115410273515347e-02,1.276288659793814451e-01,1.051123843102688415e-01,1.247498332221480960e-01,7.731958762886598224e-02,1.077567210224768673e-01,9.694685345786080433e+00,1.171134020618556626e+01,1.061745262230057207e+01,3.543889999999999873e+03,3.532460000000000036e+03,3.537059999999999945e+03,1.468500000000000000e+04,1.466500000000000000e+04,1.469750000000000000e+04,1.732540000000000146e+04,1.726070000000000073e+04,1.725850000000000000e+04,1.726140000000000146e+04
2.603305785123966931e+00,3.580386924616410838e+00,3.737938144329897128e+00,9.978573614937251424e-02,9.673115410273515347e-02,1.276288659793814451e-01,1.723293541475359736e-01,1.247498332221480960e-01,7.731958762886598224e-02,1.274961738598102201e+01,9.694685345786080433e+00,1.171134020618556626e+01,3.536719999999999800e+03,3.543889999999999873e+03,3.532460000000000036e+03,1.469500000000000000e+04,1.468500000000000000e+04,1.466500000000000000e+04,1.726140000000000146e+04,1.732540000000000146e+04,1.726070000000000073e+04,1.723940000000000146e+04
3.326420890937019870e+00,2.603305785123966931e+00,3.580386924616410838e+00,1.195596518177163281e-01,9.978573614937251424e-02,9.673115410273515347e-02,1.689708141321044632e-01,1.723293541475359736e-01,1.247498332221480960e-01,1.344521249359959114e+01,1.274961738598102201e+01,9.694685345786080433e+00,3.542880000000000109e+03,3.536719999999999800e+03,3.543889999999999873e+03,1.470500000000000000e+04,1.469500000000000000e+04,1.468500000000000000e+04,1.723940000000000146e+04,1.726140000000000146e+04,1.732540000000000146e+04,1.716970000000000073e+04
5.473952023261449362e+00,3.326420890937019870e+00,2.603305785123966931e+00,1.381148534044099874e-01,1.195596518177163281e-01,9.978573614937251424e-02,1.599224618366852368e-01,1.689708141321044632e-01,1.723293541475359736e-01,1.438962927065665198e+01,1.344521249359959114e+01,1.274961738598102201e+01,3.535079999999999927e+03,3.542880000000000109e+03,3.536719999999999800e+03,1.468000000000000000e+04,1.470500000000000000e+04,1.469500000000000000e+04,1.716970000000000073e+04,1.723940000000000146e+04,1.726140000000000146e+04,1.718659999999999854e+04
6.941963273634096154e+00,5.473952023261449362e+00,3.326420890937019870e+00,1.634549988664701914e-01,1.381148534044099874e-01,1.195596518177163281e-01,1.335298118340512430e-01,1.599224618366852368e-01,1.689708141321044632e-01,1.446043980956699215e+01,1.438962927065665198e+01,1.344521249359959114e+01,3.533460000000000036e+03,3.535079999999999927e+03,3.542880000000000109e+03,1.468750000000000000e+04,1.468000000000000000e+04,1.470500000000000000e+04,1.718659999999999854e+04,1.716970000000000073e+04,1.723940000000000146e+04,1.717779999999999927e+04
7.268453105968331052e+00,6.941963273634096154e+00,5.473952023261449362e+00,1.147381242387332523e-01,1.634549988664701914e-01,1.381148534044099874e-01,2.121802679658952584e-01,1.335298118340512430e-01,1.599224618366852368e-01,1.165481120584652786e+01,1.446043980956699215e+01,1.438962927065665198e+01,3.538219999999999800e+03,3.533460000000000036e+03,3.535079999999999927e+03,1.467000000000000000e+04,1.468750000000000000e+04,1.468000000000000000e+04,1.717779999999999927e+04,1.718659999999999854e+04,1.716970000000000073e+04,1.724450000000000000e+04
3.926178476134005280e+00,7.268453105968331052e+00,6.941963273634096154e+00,1.046546101393418388e-01,1.147381242387332523e-01,1.634549988664701914e-01,2.564482656388971105e-01,2.121802679658952584e-01,1.335298118340512430e-01,1.783575452119774596e+01,1.165481120584652786e+01,1.446043980956699215e+01,3.530050000000000182e+03,3.538219999999999800e+03,3.533460000000000036e+03,1.465500000000000000e+04,1.467000000000000000e+04,1.468750000000000000e+04,1.724450000000000000e+04,1.717779999999999927e+04,1.718659999999999854e+04,1.730279999999999927e+04
5.682398667406996395e+00,3.926178476134005280e+00,7.268453105968331052e+00,1.257634647418101048e-01,1.046546101393418388e-01,1.147381242387332523e-01,2.393114936146585325e-01,2.564482656388971105e-01,2.121802679658952584e-01,1.625458078845085907e+01,1.783575452119774596e+01,1.165481120584652786e+01,3.525530000000000200e+03,3.530050000000000182e+03,3.538219999999999800e+03,1.461500000000000000e+04,1.465500000000000000e+04,1.467000000000000000e+04,1.730279999999999927e+04,1.724450000000000000e+04,1.717779999999999927e+04,1.730290000000000146e+04
6.251699086008905226e+00,5.682398667406996395e+00,3.926178476134005280e+00,1.385048043121631101e-01,1.257634647418101048e-01,1.046546101393418388e-01,1.715490977267400963e-01,2.393114936146585325e-01,2.564482656388971105e-01,1.475931567846262027e+01,1.625458078845085907e+01,1.783575452119774596e+01,3.521690000000000055e+03,3.525530000000000200e+03,3.530050000000000182e+03,1.461500000000000000e+04,1.461500000000000000e+04,1.465500000000000000e+04,1.730290000000000146e+04,1.730279999999999927e+04,1.724450000000000000e+04,1.727900000000000000e+04
9.391245487364621169e+00,6.251699086008905226e+00,5.682398667406996395e+00,1.385379061371841136e-01,1.385048043121631101e-01,1.257634647418101048e-01,1.911101083032490933e-01,1.715490977267400963e-01,2.393114936146585325e-01,1.625857400722021495e+01,1.475931567846262027e+01,1.625458078845085907e+01,3.521929999999999836e+03,3.521690000000000055e+03,3.525530000000000200e+03,1.465000000000000000e+04,1.461500000000000000e+04,1.461500000000000000e+04,1.727900000000000000e+04,1.730290000000000146e+04,1.730279999999999927e+04,1.729070000000000073e+04
1.393622722400857405e+01,9.391245487364621169e+00,6.251699086008905226e+00,1.446945337620578753e-01,1.385379061371841136e-01,1.385048043121631101e-01,2.205251875669882178e-01,1.911101083032490933e-01,1.715490977267400963e-01,1.592711682743837009e+01,1.625857400722021495e+01,1.475931567846262027e+01,3.511389999999999873e+03,3.521929999999999836e+03,3.521690000000000055e+03,1.463250000000000000e+04,1.465000000000000000e+04,1.461500000000000000e+04,1.729070000000000073e+04,1.727900000000000000e+04,1.730290000000000146e+04,1.724650000000000000e+04
8.308814400993172811e+00,1.393622722400857405e+01,9.391245487364621169e+00,1.315952824332712601e-01,1.446945337620578753e-01,1.385379061371841136e-01,3.848541278708876301e-01,2.205251875669882178e-01,1.911101083032490933e-01,2.121632526381129580e+01,1.592711682743837009e+01,1.625857400722021495e+01,3.509730000000000018e+03,3.511389999999999873e+03,3.521929999999999836e+03,1.462000000000000000e+04,1.463250000000000000e+04,1.465000000000000000e+04,1.724650000000000000e+04,1.729070000000000073e+04,1.727900000000000000e+04,1.701179999999999927e+04
1.828264094955489583e+01,8.308814400993172811e+00,1.393622722400857405e+01,2.474035608308605416e-01,1.315952824332712601e-01,1.446945337620578753e-01,3.549703264094955513e-01,3.848541278708876301e-01,2.205251875669882178e-01,3.004488130563798265e+01,2.121632526381129580e+01,1.592711682743837009e+01,3.516039999999999964e+03,3.509730000000000018e+03,3.511389999999999873e+03,1.463750000000000000e+04,1.462000000000000000e+04,1.463250000000000000e+04,1.701179999999999927e+04,1.724650000000000000e+04,1.729070000000000073e+04,1.698929999999999927e+04
2.006035141329259019e+01,1.828264094955489583e+01,8.308814400993172811e+00,1.787624140565317044e-01,2.474035608308605416e-01,1.315952824332712601e-01,3.185637891520244347e-01,3.549703264094955513e-01,3.848541278708876301e-01,3.204087089381206965e+01,3.004488130563798265e+01,2.121632526381129580e+01,3.508750000000000000e+03,3.516039999999999964e+03,3.509730000000000018e+03,1.458400000000000000e+04,1.463750000000000000e+04,1.462000000000000000e+04,1.698929999999999927e+04,1.701179999999999927e+04,1.724650000000000000e+04,1.687729999999999927e+04
1.221997981836528702e+01,2.006035141329259019e+01,1.828264094955489583e+01,2.082071981163807484e-01,1.787624140565317044e-01,2.474035608308605416e-01,3.545240497813656466e-01,3.185637891520244347e-01,3.549703264094955513e-01,3.119206189034645149e+01,3.204087089381206965e+01,3.004488130563798265e+01,3.482019999999999982e+03,3.508750000000000000e+03,3.516039999999999964e+03,1.451250000000000000e+04,1.458400000000000000e+04,1.463750000000000000e+04,1.687729999999999927e+04,1.698929999999999927e+04,1.701179999999999927e+04,1.683879999999999927e+04
1.208522050059594832e+01,1.221997981836528702e+01,2.006035141329259019e+01,2.794994040524433898e-01,2.082071981163807484e-01,1.787624140565317044e-01,3.075089392133492083e-01,3.545240497813656466e-01,3.185637891520244347e-01,3.054439809296781760e+01,3.119206189034645149e+01,3.204087089381206965e+01,3.458050000000000182e+03,3.482019999999999982e+03,3.508750000000000000e+03,1.437000000000000000e+04,1.451250000000000000e+04,1.458400000000000000e+04,1.683879999999999927e+04,1.687729999999999927e+04,1.698929999999999927e+04,1.677879999999999927e+04
1.427945879458794565e+01,1.208522050059594832e+01,1.221997981836528702e+01,2.322263222632226232e-01,2.794994040524433898e-01,2.082071981163807484e-01,2.482164821648216446e-01,3.075089392133492083e-01,3.545240497813656466e-01,3.011955719557195721e+01,3.054439809296781760e+01,3.119206189034645149e+01,3.427480000000000018e+03,3.458050000000000182e+03,3.482019999999999982e+03,1.420000000000000000e+04,1.437000000000000000e+04,1.451250000000000000e+04,1.677879999999999927e+04,1.683879999999999927e+04,1.687729999999999927e+04,1.658600000000000000e+04
9.953350515463917247e+00,1.427945879458794565e+01,1.208522050059594832e+01,2.572164948453607991e-01,2.322263222632226232e-01,2.794994040524433898e-01,2.195876288659793785e-01,2.482164821648216446e-01,3.075089392133492083e-01,2.852912371134020475e+01,3.011955719557195721e+01,3.054439809296781760e+01,3.414179999999999836e+03,3.427480000000000018e+03,3.458050000000000182e+03,1.404250000000000000e+04,1.420000000000000000e+04,1.437000000000000000e+04,1.658600000000000000e+04,1.677879999999999927e+04,1.683879999999999927e+04,1.654829999999999927e+04
7.064493515597616735e+00,9.953350515463917247e+00,1.427945879458794565e+01,3.151069050122677906e-01,2.572164948453607991e-01,2.322263222632226232e-01,3.406940063091482562e-01,2.195876288659793785e-01,2.482164821648216446e-01,4.868594461969856013e+01,2.852912371134020475e+01,3.011955719557195721e+01,3.399809999999999945e+03,3.414179999999999836e+03,3.427480000000000018e+03,1.399250000000000000e+04,1.404250000000000000e+04,1.420000000000000000e+04,1.654829999999999927e+04,1.658600000000000000e+04,1.677879999999999927e+04,1.654279999999999927e+04
5.869277586663138813e+00,7.064493515597616735e+00,9.953350515463917247e+00,3.103995766075681173e-01,3.151069050122677906e-01,2.572164948453607991e-01,2.299550145541148505e-01,3.406940063091482562e-01,2.195876288659793785e-01,3.897168563111934247e+01,4.868594461969856013e+01,2.852912371134020475e+01,3.407719999999999800e+03,3.399809999999999945e+03,3.414179999999999836e+03,1.405500000000000000e+04,1.399250000000000000e+04,1.404250000000000000e+04,1.654279999999999927e+04,1.654829999999999927e+04,1.658600000000000000e+04,1.658129999999999927e+04
9.516976127320955214e+00,5.869277586663138813e+00,7.064493515597616735e+00,4.124668435013262857e-01,3.103995766075681173e-01,3.151069050122677906e-01,2.180371352785145933e-01,2.299550145541148505e-01,3.406940063091482562e-01,3.801220159151193911e+01,3.897168563111934247e+01,4.868594461969856013e+01,3.406739999999999782e+03,3.407719999999999800e+03,3.399809999999999945e+03,1.408000000000000000e+04,1.405500000000000000e+04,1.399250000000000000e+04,1.658129999999999927e+04,1.654279999999999927e+04,1.654829999999999927e+04,1.670129999999999927e+04
7.949197220225257432e+00,9.516976127320955214e+00,5.869277586663138813e+00,3.803019410496045749e-01,4.124668435013262857e-01,3.103995766075681173e-01,2.202252576084351710e-01,2.180371352785145933e-01,2.299550145541148505e-01,3.682458662832494412e+01,3.801220159151193911e+01,3.897168563111934247e+01,3.422639999999999873e+03,3.406739999999999782e+03,3.407719999999999800e+03,1.415000000000000000e+04,1.408000000000000000e+04,1.405500000000000000e+04,1.670129999999999927e+04,1.658129999999999927e+04,1.654279999999999927e+04,1.666879999999999927e+04
6.631271310277642606e+00,7.949197220225257432e+00,9.516976127320955214e+00,0.000000000000000000e+00,3.803019410496045749e-01,4.124668435013262857e-01,2.942036044812469386e-01,2.202252576084351710e-01,2.180371352785145933e-01,3.218947881149536983e+01,3.682458662832494412e+01,3.801220159151193911e+01,3.420900000000000091e+03,3.422639999999999873e+03,3.406739999999999782e+03,1.410750000000000000e+04,1.415000000000000000e+04,1.408000000000000000e+04,1.666879999999999927e+04,1.670129999999999927e+04,1.658129999999999927e+04,1.663520000000000073e+04
2.660820367751060900e+00,6.631271310277642606e+00,7.949197220225257432e+00,7.493635077793493471e-01,0.000000000000000000e+00,3.803019410496045749e-01,3.120226308345120381e-01,2.942036044812469386e-01,2.202252576084351710e-01,4.764497878359264149e+01,3.218947881149536983e+01,3.682458662832494412e+01,3.415289999999999964e+03,3.420900000000000091e+03,3.422639999999999873e+03,1.402750000000000000e+04,1.410750000000000000e+04,1.415000000000000000e+04,1.663520000000000073e+04,1.666879999999999927e+04,1.670129999999999927e+04,1.665590000000000146e+04
